"concept_id","year","sex","age_group","patient_count","record_count","denominator","prevalence"
535714,2012,"F","20-29",19,21,12464,0.00152439024390244
535714,2012,"F","30-39",18,18,10555,0.00170535291331123
535714,2012,"F","40-49",7,7,10804,0.000647908182154758
535714,2013,"F","20-29",17,17,12245,0.0013883217639853
535714,2013,"F","30-39",25,27,10739,0.00232796349753236
535714,2014,"F","20-29",13,13,11977,0.00108541370961009
535714,2014,"F","30-39",18,18,10910,0.00164986251145738
535714,2014,"F","40-49",8,8,10753,0.000743978424625686
535714,2015,"F","20-29",16,17,11724,0.00136472193790515
535714,2015,"F","30-39",16,16,11061,0.0014465238224392
535714,2016,"F","20-29",14,14,11460,0.0012216404886562
535714,2016,"F","30-39",15,18,11274,0.00133049494411921
535714,2016,"F","40-49",7,7,10770,0.000649953574744661
535714,2017,"F","20-29",13,14,11125,0.0011685393258427
535714,2017,"F","30-39",17,17,11469,0.0014822565175691
535714,2017,"F","40-49",7,7,10774,0.000649712270280304
535714,2018,"F","20-29",42,43,10736,0.00391207153502236
535714,2018,"F","30-39",55,57,11777,0.00467011972488749
535714,2018,"F","40-49",9,9,10602,0.000848896434634975
535714,2019,"F","20-29",29,30,10267,0.00282458361741502
535714,2019,"F","30-39",52,53,12065,0.00430998756734356
535714,2020,"F","20-29",26,27,9907,0.00262440698496013
535714,2020,"F","30-39",38,40,12305,0.00308817553839902
535714,2021,"F","20-29",21,21,9595,0.00218863991662324
535714,2021,"F","30-39",63,63,12386,0.00508638785725819
535714,2021,"F","40-49",12,12,10469,0.00114624128379024
535714,2022,"F","20-29",31,31,9365,0.00331019754404698
535714,2022,"F","30-39",45,46,12414,0.00362493958434026
535714,2022,"F","40-49",8,9,10467,0.000764306869207987
535714,2023,"F","20-29",26,26,9201,0.00282577980654277
535714,2023,"F","30-39",28,28,12197,0.00229564647044355
535714,2023,"F","40-49",7,7,10642,0.000657771095658711
535714,2024,"F","20-29",15,15,9074,0.0016530747189773
535714,2024,"F","30-39",31,31,11928,0.00259892689470154
537647,2012,"F","0-9",8,26,9875,0.000810126582278481
537647,2012,"M","0-9",5,10,10764,0.000464511334076551
537647,2013,"F","0-9",5,16,9804,0.00050999592003264
537647,2014,"F","0-9",6,23,9747,0.000615574022776239
537647,2015,"F","0-9",5,15,9691,0.000515942627179858
537647,2016,"M","0-9",6,23,10802,0.000555452693945566
537647,2017,"M","0-9",6,29,10692,0.000561167227833895
537647,2018,"F","0-9",6,25,9239,0.000649420933001407
537647,2018,"M","0-9",9,35,10526,0.000855025650769523
537647,2019,"M","0-9",8,38,10333,0.000774218523178167
537647,2020,"M","0-9",8,27,9979,0.000801683535424391
537647,2021,"F","0-9",8,37,8433,0.000948654096999881
537647,2022,"F","0-9",9,19,6859,0.00131214462749672
537647,2022,"M","0-9",8,19,7938,0.00100781053162006
537647,2023,"F","0-9",5,17,6473,0.000772439363509965
537647,2023,"M","0-9",7,19,7458,0.000938589434164655
537647,2024,"F","0-9",8,12,5915,0.00135249366018597
702006,2012,"F","50-59",10,10,11252,0.000888730892285816
702006,2012,"F","60-69",8,8,8775,0.000911680911680912
702006,2012,"F","70-79",12,12,7236,0.00165837479270315
702006,2012,"M","50-59",7,8,9717,0.00072038695070495
702006,2012,"M","60-69",21,22,7002,0.00299914310197087
702006,2013,"F","50-59",5,5,11275,0.000443458980044346
702006,2013,"F","60-69",11,11,9031,0.00121802679658952
702006,2013,"F","70-79",14,14,7331,0.00190969854044469
702006,2013,"M","50-59",11,11,9847,0.00111709149994922
702006,2013,"M","60-69",25,25,7246,0.00345017940932929
702006,2013,"M","70-79",11,11,4442,0.0024763619990995
702006,2014,"F","50-59",8,8,11278,0.000709345628657563
702006,2014,"F","60-69",14,14,9343,0.00149844803596275
702006,2014,"F","70-79",14,14,7368,0.00190010857763301
702006,2014,"M","50-59",16,16,9897,0.00161665151055876
702006,2014,"M","60-69",19,19,7580,0.0025065963060686
702006,2014,"M","70-79",9,9,4502,0.00199911150599733
702006,2015,"F","60-69",12,12,9740,0.00123203285420945
702006,2015,"F","70-79",23,23,7343,0.00313223478142449
702006,2015,"F","80+",7,7,4475,0.00156424581005587
702006,2015,"M","50-59",6,6,9891,0.000606612071580224
702006,2015,"M","60-69",23,23,7868,0.00292323335027961
702006,2015,"M","70-79",10,10,4522,0.00221141088014153
702006,2015,"M","80+",5,5,1867,0.00267809319764328
702006,2016,"F","60-69",12,12,9975,0.00120300751879699
702006,2016,"F","70-79",13,13,7336,0.00177208287895311
702006,2016,"F","80+",9,9,4853,0.00185452297547909
702006,2016,"M","50-59",10,10,9887,0.00101142914938809
702006,2016,"M","60-69",16,16,8076,0.00198117880138683
702006,2016,"M","70-79",15,15,4604,0.00325803649000869
702006,2016,"M","80+",6,6,1990,0.00301507537688442
702006,2017,"F","50-59",9,9,10893,0.000826218672541999
702006,2017,"F","60-69",13,13,10167,0.00127864660175076
702006,2017,"F","70-79",11,11,7393,0.00148789395374002
702006,2017,"M","40-49",5,5,10964,0.000456037942356804
702006,2017,"M","50-59",10,10,9818,0.00101853738032186
702006,2017,"M","60-69",19,19,8155,0.0023298589822195
702006,2017,"M","70-79",26,26,4775,0.00544502617801047
702006,2017,"M","80+",6,6,2137,0.00280767430978007
702006,2018,"F","60-69",12,12,10252,0.00117050331642606
702006,2018,"F","70-79",16,16,7483,0.00213817987438193
702006,2018,"M","50-59",7,7,9754,0.00071765429567357
702006,2018,"M","60-69",13,13,8311,0.00156419203465287
702006,2018,"M","70-79",19,19,4909,0.00387044204522306
702006,2018,"M","80+",6,6,2275,0.00263736263736264
702006,2019,"F","60-69",14,14,10320,0.00135658914728682
702006,2019,"F","70-79",15,16,7616,0.00196953781512605
702006,2019,"F","80+",5,5,5780,0.000865051903114187
702006,2019,"M","50-59",7,7,9722,0.000720016457519029
702006,2019,"M","60-69",17,17,8401,0.002023568622783
702006,2019,"M","70-79",10,10,5094,0.00196309383588536
702006,2019,"M","80+",6,6,2404,0.00249584026622296
702006,2020,"F","50-59",5,5,10807,0.00046266308873878
702006,2020,"F","60-69",6,6,10485,0.000572246065808298
702006,2020,"F","70-79",17,17,7703,0.00220693236401402
702006,2020,"M","50-59",5,5,9758,0.000512400081984013
702006,2020,"M","60-69",20,21,8494,0.00235460324935248
702006,2020,"M","70-79",12,12,5198,0.00230858022316275
702006,2020,"M","80+",11,11,2563,0.00429184549356223
702006,2021,"F","60-69",8,8,10612,0.000753863550697324
702006,2021,"F","70-79",9,9,7779,0.00115696104897802
702006,2021,"F","80+",6,6,6328,0.000948166877370417
702006,2021,"M","50-59",5,5,9789,0.000510777403207682
702006,2021,"M","60-69",10,10,8580,0.00116550116550117
702006,2021,"M","70-79",11,11,5304,0.00207390648567119
702006,2022,"F","60-69",5,5,10732,0.000465896384644055
702006,2022,"F","70-79",9,9,7823,0.0011504537901061
702006,2022,"F","80+",6,6,6438,0.000931966449207828
702006,2022,"M","50-59",9,9,9837,0.000914913083257091
702006,2022,"M","60-69",10,10,8637,0.00115780942456872
702006,2022,"M","70-79",8,8,5416,0.00147710487444609
702006,2022,"M","80+",5,5,2781,0.00179791441927364
702006,2023,"F","60-69",9,9,10727,0.000839004381467325
702006,2023,"F","70-79",14,14,8057,0.00173761946133797
702006,2023,"F","80+",8,8,6451,0.00124011781119206
702006,2023,"M","50-59",8,8,9887,0.000809143319510468
702006,2023,"M","60-69",16,16,8696,0.00183992640294388
702006,2023,"M","70-79",17,18,5536,0.00307080924855491
702006,2024,"F","60-69",10,10,10709,0.000933794005042488
702006,2024,"F","70-79",18,18,8330,0.0021608643457383
702006,2024,"F","80+",6,6,6519,0.00092038656235619
702006,2024,"M","60-69",16,16,8679,0.00184353036064063
702006,2024,"M","70-79",14,14,5731,0.00244285465014832
729855,2012,"F","20-29",8,18,12464,0.000641848523748395
729855,2012,"F","30-39",7,16,10555,0.000663192799621033
729855,2012,"F","40-49",12,35,10804,0.00111069974083673
729855,2012,"F","50-59",14,37,11252,0.00124422324920014
729855,2012,"F","60-69",16,46,8775,0.00182336182336182
729855,2012,"F","70-79",12,34,7236,0.00165837479270315
729855,2012,"F","80+",5,13,3500,0.00142857142857143
729855,2012,"M","40-49",5,18,10315,0.000484730974309258
729855,2012,"M","60-69",6,17,7002,0.000856898029134533
729855,2012,"M","70-79",5,11,4308,0.00116063138347261
729855,2013,"F","20-29",7,14,12245,0.000571661902817476
729855,2013,"F","30-39",6,13,10739,0.000558711239407766
729855,2013,"F","40-49",11,29,10794,0.00101908467667223
729855,2013,"F","50-59",17,52,11275,0.00150776053215078
729855,2013,"F","60-69",11,30,9031,0.00121802679658952
729855,2013,"F","70-79",12,37,7331,0.0016368844632383
729855,2013,"M","30-39",6,17,11869,0.000505518577807734
729855,2013,"M","40-49",5,14,10406,0.000480492023832404
729855,2013,"M","50-59",5,17,9847,0.000507768863613283
729855,2013,"M","60-69",5,15,7246,0.000690035881865857
729855,2014,"F","30-39",9,21,10910,0.000824931255728689
729855,2014,"F","40-49",7,21,10753,0.000650981121547475
729855,2014,"F","50-59",17,54,11278,0.00150735946089732
729855,2014,"F","60-69",11,36,9343,0.00117735202825645
729855,2014,"F","70-79",9,27,7368,0.0012214983713355
729855,2014,"F","80+",5,11,4165,0.00120048019207683
729855,2014,"M","30-39",6,15,12089,0.000496318967656547
729855,2014,"M","40-49",5,13,10419,0.000479892504079086
729855,2014,"M","50-59",5,15,9897,0.000505203597049611
729855,2014,"M","60-69",6,16,7580,0.00079155672823219
729855,2015,"F","30-39",10,21,11061,0.000904077389024501
729855,2015,"F","40-49",11,29,10736,0.00102459016393443
729855,2015,"F","50-59",17,53,11143,0.00152562146639146
729855,2015,"F","60-69",15,48,9740,0.00154004106776181
729855,2015,"F","70-79",10,32,7343,0.00136184120931499
729855,2015,"M","30-39",5,15,12288,0.000406901041666667
729855,2015,"M","40-49",6,11,10553,0.000568558703686156
729855,2015,"M","50-59",7,16,9891,0.000707714083510262
729855,2015,"M","60-69",9,28,7868,0.00114387391967463
729855,2016,"F","20-29",5,9,11460,0.00043630017452007
729855,2016,"F","30-39",6,16,11274,0.000532197977647685
729855,2016,"F","40-49",11,30,10770,0.0010213556174559
729855,2016,"F","50-59",16,50,11003,0.00145414886849041
729855,2016,"F","60-69",14,40,9975,0.00140350877192982
729855,2016,"F","70-79",12,35,7336,0.00163576881134133
729855,2016,"F","80+",6,19,4853,0.00123634865031939
729855,2016,"M","30-39",6,14,12419,0.000483130686850793
729855,2016,"M","40-49",5,10,10763,0.00046455449224194
729855,2016,"M","50-59",7,21,9887,0.00070800040457166
729855,2016,"M","60-69",9,30,8076,0.00111441307578009
729855,2016,"M","70-79",5,14,4604,0.00108601216333623
729855,2017,"F","30-39",6,17,11469,0.000523149359142035
729855,2017,"F","40-49",9,27,10774,0.000835344347503249
729855,2017,"F","50-59",19,57,10893,0.00174423941981089
729855,2017,"F","60-69",16,39,10167,0.00157371889446248
729855,2017,"F","70-79",16,44,7393,0.00216420938725822
729855,2017,"F","80+",5,13,5167,0.000967679504548094
729855,2017,"M","30-39",6,15,12785,0.00046929996089167
729855,2017,"M","40-49",5,12,10964,0.000456037942356804
729855,2017,"M","50-59",5,17,9818,0.000509268690160929
729855,2017,"M","60-69",7,21,8155,0.000858369098712446
729855,2017,"M","70-79",6,14,4775,0.0012565445026178
729855,2017,"M","80+",5,12,2137,0.00233972859148339
729855,2018,"F","30-39",6,16,11777,0.000509467606351363
729855,2018,"F","40-49",13,30,10602,0.00122618373891719
729855,2018,"F","50-59",19,49,10947,0.00173563533388143
729855,2018,"F","60-69",15,52,10252,0.00146312914553258
729855,2018,"F","70-79",14,42,7483,0.00187090739008419
729855,2018,"F","80+",6,19,5437,0.00110354975170131
729855,2018,"M","30-39",5,15,13137,0.000380604399786862
729855,2018,"M","40-49",7,17,11078,0.000631883011373894
729855,2018,"M","50-59",7,22,9754,0.00071765429567357
729855,2018,"M","60-69",7,23,8311,0.000842257249428468
729855,2018,"M","70-79",6,18,4909,0.00122224485638623
729855,2019,"F","30-39",7,20,12065,0.000580190634065479
729855,2019,"F","40-49",15,34,10566,0.00141964792731403
729855,2019,"F","50-59",23,60,10842,0.00212137981922155
729855,2019,"F","60-69",19,48,10320,0.00184108527131783
729855,2019,"F","70-79",15,42,7616,0.00196953781512605
729855,2019,"F","80+",7,22,5780,0.00121107266435986
729855,2019,"M","40-49",7,16,11180,0.000626118067978533
729855,2019,"M","50-59",9,28,9722,0.000925735445381609
729855,2019,"M","60-69",8,23,8401,0.000952267587192001
729855,2019,"M","70-79",7,20,5094,0.00137416568511975
729855,2020,"F","20-29",5,14,9907,0.000504693650953871
729855,2020,"F","30-39",11,25,12305,0.000893945550589191
729855,2020,"F","40-49",11,26,10470,0.00105062082139446
729855,2020,"F","50-59",25,52,10807,0.0023133154436939
729855,2020,"F","60-69",24,66,10485,0.00228898426323319
729855,2020,"F","70-79",14,38,7703,0.00181747371154096
729855,2020,"F","80+",9,29,6049,0.0014878492312779
729855,2020,"M","40-49",5,13,11343,0.000440800493696553
729855,2020,"M","50-59",10,25,9758,0.00102480016396803
729855,2020,"M","60-69",9,26,8494,0.00105957146220862
729855,2020,"M","70-79",6,19,5198,0.00115429011158138
729855,2021,"F","20-29",9,15,9595,0.000937988535695675
729855,2021,"F","30-39",13,32,12386,0.00104957209752947
729855,2021,"F","40-49",14,30,10469,0.00133728149775528
729855,2021,"F","50-59",22,52,10644,0.00206689214580985
729855,2021,"F","60-69",26,74,10612,0.0024500565397663
729855,2021,"F","70-79",14,42,7779,0.00179971718729914
729855,2021,"F","80+",7,20,6328,0.00110619469026549
729855,2021,"M","40-49",5,13,11380,0.000439367311072056
729855,2021,"M","50-59",9,27,9789,0.000919399325773828
729855,2021,"M","60-69",8,24,8580,0.000932400932400932
729855,2021,"M","70-79",5,11,5304,0.000942684766214178
729855,2022,"F","20-29",5,9,9365,0.000533902829684997
729855,2022,"F","30-39",13,27,12414,0.00104720476880941
729855,2022,"F","40-49",16,39,10467,0.00152861373841597
729855,2022,"F","50-59",25,65,10611,0.00235604561304307
729855,2022,"F","60-69",22,63,10732,0.00204994409243384
729855,2022,"F","70-79",16,50,7823,0.00204525118241084
729855,2022,"F","80+",9,24,6438,0.00139794967381174
729855,2022,"M","50-59",11,36,9837,0.00111822710175867
729855,2022,"M","60-69",8,24,8637,0.000926247539654973
729855,2022,"M","70-79",5,15,5416,0.000923190546528803
729855,2023,"F","20-29",7,11,9201,0.000760786870992283
729855,2023,"F","30-39",15,37,12197,0.00122981060916619
729855,2023,"F","40-49",13,32,10642,0.00122157489193761
729855,2023,"F","50-59",26,68,10591,0.0024549145500897
729855,2023,"F","60-69",29,80,10727,0.00270345856250583
729855,2023,"F","70-79",15,43,8057,0.00186173513714782
729855,2023,"F","80+",8,20,6451,0.00124011781119206
729855,2023,"M","40-49",9,21,11655,0.000772200772200772
729855,2023,"M","50-59",11,36,9887,0.00111257206432689
729855,2023,"M","60-69",8,20,8696,0.000919963201471941
729855,2023,"M","70-79",7,19,5536,0.00126445086705202
729855,2024,"F","20-29",9,18,9074,0.000991844831386379
729855,2024,"F","30-39",13,31,11928,0.00108987256874581
729855,2024,"F","40-49",17,39,10814,0.00157203624930645
729855,2024,"F","50-59",28,67,10539,0.00265679855773793
729855,2024,"F","60-69",25,67,10709,0.00233448501260622
729855,2024,"F","70-79",17,50,8330,0.00204081632653061
729855,2024,"F","80+",5,13,6519,0.000766988801963491
729855,2024,"M","10-19",5,8,10850,0.000460829493087558
729855,2024,"M","40-49",9,28,11853,0.000759301442672741
729855,2024,"M","50-59",8,21,9896,0.000808407437348424
729855,2024,"M","60-69",8,22,8679,0.000921765180320313
729855,2024,"M","70-79",7,19,5731,0.00122142732507416
937368,2016,"M","40-49",5,24,10763,0.00046455449224194
937368,2022,"F","30-39",5,23,12414,0.000402771064926696
937368,2022,"M","20-29",10,50,9314,0.00107365256602963
937368,2022,"M","30-39",8,40,13596,0.000588408355398647
937368,2022,"M","40-49",5,21,11441,0.000437024735600035
937368,2022,"M","50-59",5,21,9837,0.000508285046253939
937368,2023,"F","30-39",5,32,12197,0.000409936869722063
937368,2023,"M","10-19",5,20,10836,0.000461424880029531
937368,2023,"M","20-29",8,52,9044,0.000884564352056612
937368,2023,"M","30-39",11,69,13329,0.000825268212168955
937368,2023,"M","40-49",7,38,11655,0.000600600600600601
937368,2023,"M","50-59",5,28,9887,0.000505714574694043
937368,2024,"F","30-39",7,31,11928,0.000586854460093897
937368,2024,"F","60-69",6,35,10709,0.000560276403025493
937368,2024,"M","10-19",5,25,10850,0.000460829493087558
937368,2024,"M","20-29",8,52,8924,0.000896458987001345
937368,2024,"M","30-39",10,55,13036,0.000767106474378644
937368,2024,"M","40-49",8,53,11853,0.000674934615709103
974166,2012,"F","60-69",6,6,8775,0.000683760683760684
974166,2013,"F","70-79",6,6,7331,0.000818442231619152
1134439,2018,"F","0-9",6,7,9239,0.000649420933001407
1134439,2018,"M","0-9",10,19,10526,0.000950028500855026
1134439,2019,"F","0-9",7,11,9016,0.00077639751552795
1134439,2019,"M","0-9",5,6,10333,0.000483886576986354
1134439,2020,"F","0-9",8,15,8730,0.000916380297823597
1134439,2020,"M","0-9",9,15,9979,0.00090189397735244
1134439,2021,"F","0-9",9,16,8433,0.00106723585912487
1134439,2021,"M","0-9",6,8,9605,0.00062467464862051
1134439,2022,"F","0-9",5,5,6859,0.000728969237498178
1134439,2022,"M","0-9",10,17,7938,0.00125976316452507
1304850,2012,"F","40-49",5,11,10804,0.00046279155868197
1304850,2012,"F","50-59",24,71,11252,0.00213295414148596
1304850,2012,"F","60-69",24,87,8775,0.00273504273504274
1304850,2012,"M","60-69",17,42,7002,0.00242787774921451
1304850,2012,"M","70-79",13,33,4308,0.00301764159702878
1304850,2012,"M","80+",5,6,1408,0.00355113636363636
1304850,2013,"F","40-49",9,22,10794,0.000833796553640912
1304850,2013,"F","50-59",24,64,11275,0.00212860310421286
1304850,2013,"F","60-69",22,83,9031,0.00243605359317905
1304850,2013,"F","70-79",13,28,7331,0.00177329150184149
1304850,2013,"F","80+",5,11,3845,0.00130039011703511
1304850,2013,"M","40-49",5,15,10406,0.000480492023832404
1304850,2013,"M","50-59",8,24,9847,0.000812430181781253
1304850,2013,"M","60-69",12,44,7246,0.00165608611647806
1304850,2013,"M","70-79",11,66,4442,0.0024763619990995
1304850,2014,"F","40-49",9,38,10753,0.000836975727703897
1304850,2014,"F","50-59",21,116,11278,0.0018620322752261
1304850,2014,"F","60-69",33,84,9343,0.00353205608476935
1304850,2014,"F","70-79",15,44,7368,0.00203583061889251
1304850,2014,"F","80+",9,26,4165,0.0021608643457383
1304850,2014,"M","40-49",6,36,10419,0.000575871004894904
1304850,2014,"M","50-59",9,20,9897,0.0009093664746893
1304850,2014,"M","60-69",14,28,7580,0.00184696569920844
1304850,2014,"M","70-79",17,53,4502,0.0037760995113283
1304850,2015,"F","40-49",16,70,10736,0.0014903129657228
1304850,2015,"F","50-59",25,109,11143,0.00224356097998744
1304850,2015,"F","60-69",32,171,9740,0.00328542094455852
1304850,2015,"F","70-79",19,61,7343,0.00258749829769849
1304850,2015,"M","40-49",5,35,10553,0.000473798919738463
1304850,2015,"M","50-59",6,15,9891,0.000606612071580224
1304850,2015,"M","60-69",21,65,7868,0.00266903914590747
1304850,2015,"M","70-79",20,64,4522,0.00442282176028306
1304850,2015,"M","80+",8,22,1867,0.00428494911622924
1304850,2016,"F","40-49",8,34,10770,0.00074280408542247
1304850,2016,"F","50-59",13,71,11003,0.00118149595564846
1304850,2016,"F","60-69",14,104,9975,0.00140350877192982
1304850,2016,"F","70-79",19,105,7336,0.00258996728462377
1304850,2016,"F","80+",5,8,4853,0.00103029054193283
1304850,2016,"M","0-9",6,17,10802,0.000555452693945566
1304850,2016,"M","30-39",5,21,12419,0.000402608905708994
1304850,2016,"M","40-49",5,23,10763,0.00046455449224194
1304850,2016,"M","50-59",12,47,9887,0.0012137149792657
1304850,2016,"M","60-69",18,57,8076,0.00222882615156018
1304850,2016,"M","70-79",15,54,4604,0.00325803649000869
1304850,2017,"F","50-59",13,67,10893,0.00119342697144955
1304850,2017,"F","60-69",19,93,10167,0.00186879118717419
1304850,2017,"F","70-79",22,115,7393,0.00297578790748005
1304850,2017,"F","80+",8,25,5167,0.00154828720727695
1304850,2017,"M","30-39",6,49,12785,0.00046929996089167
1304850,2017,"M","40-49",5,14,10964,0.000456037942356804
1304850,2017,"M","50-59",12,55,9818,0.00122224485638623
1304850,2017,"M","60-69",21,130,8155,0.00257510729613734
1304850,2017,"M","70-79",11,46,4775,0.00230366492146597
1304850,2018,"F","40-49",6,17,10602,0.000565930956423316
1304850,2018,"F","50-59",16,86,10947,0.00146158764958436
1304850,2018,"F","60-69",21,99,10252,0.00204838080374561
1304850,2018,"F","70-79",26,97,7483,0.00347454229587064
1304850,2018,"F","80+",5,16,5437,0.000919624793084422
1304850,2018,"M","0-9",6,48,10526,0.000570017100513015
1304850,2018,"M","50-59",8,42,9754,0.000820176337912651
1304850,2018,"M","60-69",23,106,8311,0.00276741667669354
1304850,2018,"M","70-79",17,63,4909,0.00346302709309432
1304850,2019,"F","40-49",8,33,10566,0.000757145561234147
1304850,2019,"F","50-59",13,64,10842,0.00119904076738609
1304850,2019,"F","60-69",22,140,10320,0.00213178294573643
1304850,2019,"F","70-79",19,87,7616,0.00249474789915966
1304850,2019,"F","80+",11,42,5780,0.00190311418685121
1304850,2019,"M","0-9",8,59,10333,0.000774218523178167
1304850,2019,"M","40-49",7,53,11180,0.000626118067978533
1304850,2019,"M","50-59",9,61,9722,0.000925735445381609
1304850,2019,"M","60-69",19,94,8401,0.002261635519581
1304850,2019,"M","70-79",16,69,5094,0.00314095013741657
1304850,2020,"F","40-49",8,43,10470,0.000764087870105062
1304850,2020,"F","50-59",13,54,10807,0.00120292403072083
1304850,2020,"F","60-69",23,105,10485,0.00219360991893181
1304850,2020,"F","70-79",34,218,7703,0.00441386472802804
1304850,2020,"F","80+",9,55,6049,0.0014878492312779
1304850,2020,"M","40-49",5,48,11343,0.000440800493696553
1304850,2020,"M","50-59",7,31,9758,0.000717360114777618
1304850,2020,"M","60-69",19,50,8494,0.00223687308688486
1304850,2020,"M","70-79",18,92,5198,0.00346287033474413
1304850,2020,"M","80+",5,13,2563,0.00195083886071011
1304850,2021,"F","30-39",6,24,12386,0.000484417891167447
1304850,2021,"F","40-49",12,45,10469,0.00114624128379024
1304850,2021,"F","50-59",16,55,10644,0.00150319428786171
1304850,2021,"F","60-69",23,135,10612,0.00216735770825481
1304850,2021,"F","70-79",25,158,7779,0.0032137806916056
1304850,2021,"F","80+",8,43,6328,0.00126422250316056
1304850,2021,"M","40-49",7,33,11380,0.000615114235500879
1304850,2021,"M","50-59",8,44,9789,0.000817243845132291
1304850,2021,"M","60-69",22,68,8580,0.00256410256410256
1304850,2021,"M","70-79",26,93,5304,0.00490196078431373
1304850,2021,"M","80+",7,30,2731,0.00256316367630904
1304850,2022,"F","30-39",7,26,12414,0.000563879490897374
1304850,2022,"F","40-49",8,24,10467,0.000764306869207987
1304850,2022,"F","50-59",11,51,10611,0.00103666006973895
1304850,2022,"F","60-69",27,98,10732,0.0025158404770779
1304850,2022,"F","70-79",24,119,7823,0.00306787677361626
1304850,2022,"F","80+",9,17,6438,0.00139794967381174
1304850,2022,"M","40-49",5,29,11441,0.000437024735600035
1304850,2022,"M","50-59",11,41,9837,0.00111822710175867
1304850,2022,"M","60-69",25,118,8637,0.00289452356142179
1304850,2022,"M","70-79",31,147,5416,0.00572378138847858
1304850,2023,"F","40-49",7,24,10642,0.000657771095658711
1304850,2023,"F","50-59",15,55,10591,0.00141629685582098
1304850,2023,"F","60-69",38,171,10727,0.00354246294397315
1304850,2023,"F","70-79",35,114,8057,0.00434404865334492
1304850,2023,"F","80+",6,19,6451,0.000930088358394047
1304850,2023,"M","40-49",5,44,11655,0.000429000429000429
1304850,2023,"M","50-59",11,52,9887,0.00111257206432689
1304850,2023,"M","60-69",25,88,8696,0.00287488500459982
1304850,2023,"M","70-79",20,97,5536,0.00361271676300578
1304850,2023,"M","80+",6,10,2777,0.00216060496939143
1304850,2024,"F","30-39",9,33,11928,0.000754527162977867
1304850,2024,"F","50-59",15,46,10539,0.00142328494164532
1304850,2024,"F","60-69",41,255,10709,0.0038285554206742
1304850,2024,"F","70-79",48,221,8330,0.00576230492196879
1304850,2024,"F","80+",13,31,6519,0.00199417088510508
1304850,2024,"M","40-49",5,27,11853,0.000421834134818189
1304850,2024,"M","50-59",18,75,9896,0.00181891673403395
1304850,2024,"M","60-69",32,120,8679,0.00368706072128125
1304850,2024,"M","70-79",23,68,5731,0.00401326121095795
1307046,2012,"F","50-59",6,6,11252,0.00053323853537149
1307046,2012,"F","70-79",5,5,7236,0.000690989496959646
1307046,2013,"F","60-69",6,6,9031,0.000664378252685195
1307046,2013,"F","70-79",5,5,7331,0.00068203519301596
1309204,2021,"F","70-79",10,10,7779,0.00128551227664224
1309204,2021,"F","80+",6,6,6328,0.000948166877370417
1309204,2021,"M","50-59",7,7,9789,0.000715088364490755
1309204,2021,"M","60-69",7,7,8580,0.000815850815850816
1309204,2021,"M","70-79",11,11,5304,0.00207390648567119
1309204,2022,"F","70-79",13,13,7823,0.00166176658570881
1309204,2022,"F","80+",7,7,6438,0.00108729419074247
1309204,2022,"M","50-59",7,7,9837,0.000711599064755515
1309204,2022,"M","60-69",22,22,8637,0.00254718073405118
1309204,2022,"M","70-79",9,9,5416,0.00166174298375185
1309204,2022,"M","80+",6,6,2781,0.00215749730312837
1309204,2023,"F","60-69",9,9,10727,0.000839004381467325
1309204,2023,"F","70-79",11,11,8057,0.0013652724339084
1309204,2023,"F","80+",7,7,6451,0.00108510308479306
1309204,2023,"M","50-59",6,6,9887,0.000606857489632851
1309204,2023,"M","60-69",18,19,8696,0.00206991720331187
1309204,2023,"M","70-79",22,23,5536,0.00397398843930636
1309204,2024,"F","60-69",7,7,10709,0.000653655803529741
1309204,2024,"F","70-79",21,21,8330,0.00252100840336134
1309204,2024,"M","50-59",6,6,9896,0.000606305578011318
1309204,2024,"M","60-69",19,19,8679,0.00218919230326074
1309204,2024,"M","70-79",9,9,5731,0.00157040656080963
1314273,2022,"F","40-49",5,11,10467,0.000477691793254992
1314273,2023,"F","60-69",5,11,10727,0.000466113545259625
1314273,2023,"F","70-79",6,10,8057,0.000744694054859129
1314273,2024,"F","50-59",6,13,10539,0.000569313976658127
1314273,2024,"F","60-69",8,20,10709,0.00074703520403399
1317640,2013,"F","60-69",7,7,9031,0.000775107961466061
1344143,2012,"F","0-9",20,21,9875,0.0020253164556962
1344143,2012,"F","30-39",7,13,10555,0.000663192799621033
1344143,2012,"F","40-49",7,9,10804,0.000647908182154758
1344143,2012,"F","50-59",6,8,11252,0.00053323853537149
1344143,2012,"F","60-69",8,11,8775,0.000911680911680912
1344143,2012,"F","70-79",13,19,7236,0.00179657269209508
1344143,2012,"F","80+",18,21,3500,0.00514285714285714
1344143,2012,"M","0-9",20,24,10764,0.00185804533630621
1344143,2012,"M","30-39",5,6,11642,0.000429479470881292
1344143,2012,"M","40-49",10,15,10315,0.000969461948618517
1344143,2012,"M","50-59",12,16,9717,0.00123494905835134
1344143,2012,"M","60-69",19,24,7002,0.00271351042559269
1344143,2012,"M","70-79",11,13,4308,0.00255338904363974
1344143,2012,"M","80+",9,9,1408,0.00639204545454545
1344143,2013,"F","0-9",11,17,9804,0.00112199102407181
1344143,2013,"F","40-49",5,10,10794,0.000463220307578284
1344143,2013,"F","50-59",8,10,11275,0.000709534368070953
1344143,2013,"F","60-69",18,26,9031,0.00199313475805559
1344143,2013,"F","70-79",28,37,7331,0.00381939708088937
1344143,2013,"F","80+",22,24,3845,0.00572171651495449
1344143,2013,"M","0-9",14,18,10866,0.00128842260261366
1344143,2013,"M","40-49",11,19,10406,0.00105708245243129
1344143,2013,"M","50-59",18,32,9847,0.00182796790900782
1344143,2013,"M","60-69",29,38,7246,0.00400220811482197
1344143,2013,"M","70-79",24,41,4442,0.00540297163439892
1344143,2013,"M","80+",13,26,1565,0.00830670926517572
1344143,2014,"F","0-9",13,16,9747,0.00133374371601518
1344143,2014,"F","40-49",9,14,10753,0.000836975727703897
1344143,2014,"F","50-59",7,13,11278,0.000620677425075368
1344143,2014,"F","60-69",25,35,9343,0.0026758000642192
1344143,2014,"F","70-79",28,42,7368,0.00380021715526602
1344143,2014,"F","80+",32,34,4165,0.00768307322929172
1344143,2014,"M","0-9",12,13,10877,0.00110324538015997
1344143,2014,"M","30-39",10,29,12089,0.000827198279427579
1344143,2014,"M","40-49",7,15,10419,0.000671849505710721
1344143,2014,"M","50-59",23,53,9897,0.00232393654642821
1344143,2014,"M","60-69",40,53,7580,0.00527704485488127
1344143,2014,"M","70-79",33,57,4502,0.00733007552199023
1344143,2014,"M","80+",14,33,1720,0.00813953488372093
1344143,2015,"F","0-9",10,11,9691,0.00103188525435972
1344143,2015,"F","30-39",9,18,11061,0.00081366965012205
1344143,2015,"F","40-49",7,11,10736,0.000652011922503726
1344143,2015,"F","50-59",20,31,11143,0.00179484878398995
1344143,2015,"F","60-69",37,63,9740,0.00379876796714579
1344143,2015,"F","70-79",50,86,7343,0.00680920604657497
1344143,2015,"F","80+",36,58,4475,0.00804469273743017
1344143,2015,"M","0-9",17,20,10846,0.00156739811912226
1344143,2015,"M","20-29",6,6,12774,0.000469704086425552
1344143,2015,"M","30-39",7,11,12288,0.000569661458333333
1344143,2015,"M","40-49",13,20,10553,0.00123187719132
1344143,2015,"M","50-59",31,52,9891,0.00313416236983116
1344143,2015,"M","60-69",40,97,7868,0.00508388408744281
1344143,2015,"M","70-79",40,62,4522,0.00884564352056612
1344143,2015,"M","80+",27,43,1867,0.0144617032672737
1344143,2016,"F","0-9",13,24,9571,0.00135826977327343
1344143,2016,"F","10-19",5,10,8822,0.000566764905917026
1344143,2016,"F","30-39",6,8,11274,0.000532197977647685
1344143,2016,"F","40-49",11,20,10770,0.0010213556174559
1344143,2016,"F","50-59",28,45,11003,0.00254476051985822
1344143,2016,"F","60-69",32,56,9975,0.00320802005012531
1344143,2016,"F","70-79",39,63,7336,0.00531624863685932
1344143,2016,"F","80+",50,59,4853,0.0103029054193283
1344143,2016,"M","0-9",15,23,10802,0.00138863173486391
1344143,2016,"M","20-29",5,9,12326,0.000405646600681486
1344143,2016,"M","30-39",11,14,12419,0.000885739592559787
1344143,2016,"M","40-49",19,25,10763,0.00176530707051937
1344143,2016,"M","50-59",33,66,9887,0.00333771619298068
1344143,2016,"M","60-69",47,74,8076,0.0058197127290738
1344143,2016,"M","70-79",46,74,4604,0.00999131190269331
1344143,2016,"M","80+",26,62,1990,0.0130653266331658
1344143,2017,"F","0-9",16,31,9378,0.00170612070804009
1344143,2017,"F","40-49",5,6,10774,0.00046408019305736
1344143,2017,"F","50-59",20,55,10893,0.00183604149453778
1344143,2017,"F","60-69",38,66,10167,0.00373758237434838
1344143,2017,"F","70-79",51,95,7393,0.00689841742188557
1344143,2017,"F","80+",72,100,5167,0.0139345848654925
1344143,2017,"M","0-9",28,40,10692,0.00261878039655817
1344143,2017,"M","20-29",5,6,11733,0.000426148470126992
1344143,2017,"M","30-39",10,23,12785,0.000782166601486116
1344143,2017,"M","40-49",14,30,10964,0.00127690623859905
1344143,2017,"M","50-59",29,64,9818,0.00295375840293339
1344143,2017,"M","60-69",68,149,8155,0.00833844267320662
1344143,2017,"M","70-79",59,82,4775,0.0123560209424084
1344143,2017,"M","80+",37,95,2137,0.0173139915769771
1344143,2018,"F","0-9",19,30,9239,0.00205649962117112
1344143,2018,"F","40-49",7,12,10602,0.000660252782493869
1344143,2018,"F","50-59",22,49,10947,0.0020096830181785
1344143,2018,"F","60-69",30,48,10252,0.00292625829106516
1344143,2018,"F","70-79",64,107,7483,0.00855271949752773
1344143,2018,"F","80+",70,106,5437,0.0128747471031819
1344143,2018,"M","0-9",18,23,10526,0.00171005130153905
1344143,2018,"M","30-39",12,16,13137,0.000913450559488468
1344143,2018,"M","40-49",14,31,11078,0.00126376602274779
1344143,2018,"M","50-59",30,48,9754,0.00307566126717244
1344143,2018,"M","60-69",52,108,8311,0.00625676813861148
1344143,2018,"M","70-79",47,69,4909,0.00957425137502546
1344143,2018,"M","80+",30,44,2275,0.0131868131868132
1344143,2019,"F","0-9",10,17,9016,0.00110913930789707
1344143,2019,"F","40-49",15,35,10566,0.00141964792731403
1344143,2019,"F","50-59",14,53,10842,0.00129127467256964
1344143,2019,"F","60-69",29,54,10320,0.00281007751937984
1344143,2019,"F","70-79",61,102,7616,0.0080094537815126
1344143,2019,"F","80+",83,151,5780,0.0143598615916955
1344143,2019,"M","0-9",27,41,10333,0.00261298751572631
1344143,2019,"M","30-39",6,12,13415,0.000447260529258293
1344143,2019,"M","40-49",19,30,11180,0.0016994633273703
1344143,2019,"M","50-59",40,92,9722,0.00411437975725159
1344143,2019,"M","60-69",62,110,8401,0.00738007380073801
1344143,2019,"M","70-79",50,93,5094,0.00981546917942678
1344143,2019,"M","80+",43,78,2404,0.0178868552412646
1344143,2020,"F","0-9",21,34,8730,0.00240549828178694
1344143,2020,"F","40-49",10,16,10470,0.000955109837631328
1344143,2020,"F","50-59",19,31,10807,0.00175811973720737
1344143,2020,"F","60-69",34,71,10485,0.00324272770624702
1344143,2020,"F","70-79",62,96,7703,0.00804881215110996
1344143,2020,"F","80+",70,103,6049,0.011572160687717
1344143,2020,"M","0-9",26,36,9979,0.00260547149012927
1344143,2020,"M","20-29",8,8,10083,0.000793414658335813
1344143,2020,"M","30-39",6,12,13547,0.000442902487635639
1344143,2020,"M","40-49",16,26,11343,0.00141056157982897
1344143,2020,"M","50-59",38,80,9758,0.0038942406230785
1344143,2020,"M","60-69",73,116,8494,0.00859430186013657
1344143,2020,"M","70-79",64,125,5198,0.012312427856868
1344143,2020,"M","80+",45,64,2563,0.0175575497463909
1344143,2021,"F","0-9",11,12,8433,0.00130439938337484
1344143,2021,"F","20-29",7,7,9595,0.000729546638874414
1344143,2021,"F","30-39",6,7,12386,0.000484417891167447
1344143,2021,"F","40-49",17,39,10469,0.00162384181870284
1344143,2021,"F","50-59",30,49,10644,0.0028184892897407
1344143,2021,"F","60-69",71,109,10612,0.00669053901243875
1344143,2021,"F","70-79",66,92,7779,0.0084843810258388
1344143,2021,"F","80+",105,137,6328,0.0165929203539823
1344143,2021,"M","0-9",18,26,9605,0.00187402394586153
1344143,2021,"M","30-39",14,23,13623,0.0010276737869779
1344143,2021,"M","40-49",18,21,11380,0.0015817223198594
1344143,2021,"M","50-59",51,88,9789,0.00520992951271836
1344143,2021,"M","60-69",95,166,8580,0.0110722610722611
1344143,2021,"M","70-79",86,130,5304,0.0162141779788839
1344143,2021,"M","80+",69,107,2731,0.0252654705236177
1344143,2022,"F","0-9",8,16,6859,0.00116635077999708
1344143,2022,"F","20-29",5,5,9365,0.000533902829684997
1344143,2022,"F","30-39",9,11,12414,0.000724987916868052
1344143,2022,"F","40-49",12,20,10467,0.00114646030381198
1344143,2022,"F","50-59",32,56,10611,0.00301573838469513
1344143,2022,"F","60-69",48,110,10732,0.00447260529258293
1344143,2022,"F","70-79",75,156,7823,0.00958711491755081
1344143,2022,"F","80+",106,154,6438,0.0164647406026716
1344143,2022,"M","0-9",17,30,7938,0.00214159737969262
1344143,2022,"M","30-39",12,55,13596,0.00088261253309797
1344143,2022,"M","40-49",24,43,11441,0.00209771873088017
1344143,2022,"M","50-59",66,129,9837,0.006709362610552
1344143,2022,"M","60-69",73,138,8637,0.00845200879935163
1344143,2022,"M","70-79",90,155,5416,0.0166174298375185
1344143,2022,"M","80+",79,125,2781,0.0284070478245236
1344143,2023,"F","0-9",17,24,6473,0.00262629383593388
1344143,2023,"F","20-29",9,11,9201,0.00097815454841865
1344143,2023,"F","30-39",8,16,12197,0.0006558989915553
1344143,2023,"F","40-49",14,20,10642,0.00131554219131742
1344143,2023,"F","50-59",23,35,10591,0.0021716551789255
1344143,2023,"F","60-69",49,97,10727,0.00456791274354433
1344143,2023,"F","70-79",71,115,8057,0.00881221298249969
1344143,2023,"F","80+",85,118,6451,0.0131762517439157
1344143,2023,"M","0-9",15,29,7458,0.00201126307320998
1344143,2023,"M","10-19",5,9,10836,0.000461424880029531
1344143,2023,"M","30-39",14,29,13329,0.00105034136094231
1344143,2023,"M","40-49",27,41,11655,0.00231660231660232
1344143,2023,"M","50-59",47,103,9887,0.004753717002124
1344143,2023,"M","60-69",88,156,8696,0.0101195952161914
1344143,2023,"M","70-79",89,160,5536,0.0160765895953757
1344143,2023,"M","80+",59,111,2777,0.0212459488656824
1344143,2024,"F","0-9",10,12,5915,0.00169061707523246
1344143,2024,"F","30-39",10,23,11928,0.000838363514419852
1344143,2024,"F","40-49",8,12,10814,0.000739781764379508
1344143,2024,"F","50-59",18,37,10539,0.00170794192997438
1344143,2024,"F","60-69",39,66,10709,0.0036417966196657
1344143,2024,"F","70-79",57,93,8330,0.00684273709483794
1344143,2024,"F","80+",77,106,6519,0.0118116275502378
1344143,2024,"M","0-9",11,28,6833,0.00160983462607932
1344143,2024,"M","30-39",11,17,13036,0.000843817121816508
1344143,2024,"M","40-49",15,23,11853,0.00126550240445457
1344143,2024,"M","50-59",34,47,9896,0.0034357316087308
1344143,2024,"M","60-69",61,141,8679,0.00702845949994239
1344143,2024,"M","70-79",67,119,5731,0.0116908043971384
1344143,2024,"M","80+",57,81,2810,0.0202846975088968
1360067,2014,"F","40-49",7,9,10753,0.000650981121547475
1360067,2014,"F","60-69",6,8,9343,0.000642192015412608
1360067,2015,"F","30-39",6,13,11061,0.0005424464334147
1360067,2015,"F","40-49",7,18,10736,0.000652011922503726
1360067,2015,"F","60-69",6,8,9740,0.000616016427104723
1360067,2015,"F","70-79",6,6,7343,0.000817104725588996
1360067,2015,"M","60-69",7,8,7868,0.000889679715302491
1360067,2015,"M","70-79",5,5,4522,0.00110570544007077
1360067,2015,"M","80+",6,6,1867,0.00321371183717193
1360067,2016,"F","20-29",8,9,11460,0.000698080279232112
1360067,2016,"F","30-39",8,11,11274,0.000709597303530247
1360067,2016,"F","40-49",13,16,10770,0.00120705663881151
1360067,2016,"F","50-59",7,9,11003,0.000636190129964555
1360067,2016,"F","60-69",6,6,9975,0.000601503759398496
1360067,2016,"F","70-79",10,11,7336,0.00136314067611778
1360067,2016,"F","80+",5,5,4853,0.00103029054193283
1360067,2016,"M","60-69",7,9,8076,0.000866765725606736
1360067,2016,"M","70-79",7,8,4604,0.00152041702867072
1360067,2017,"F","40-49",9,16,10774,0.000835344347503249
1360067,2017,"F","60-69",7,10,10167,0.000688502016327333
1360067,2017,"F","70-79",14,17,7393,0.00189368321385094
1360067,2017,"F","80+",10,13,5167,0.00193535900909619
1360067,2017,"M","50-59",6,9,9818,0.000611122428193115
1360067,2017,"M","60-69",10,12,8155,0.00122624156958921
1360067,2017,"M","70-79",8,8,4775,0.00167539267015707
1360067,2018,"F","30-39",7,10,11777,0.00059437887407659
1360067,2018,"F","40-49",11,16,10602,0.00103754008677608
1360067,2018,"F","50-59",6,7,10947,0.000548095368594135
1360067,2018,"F","60-69",11,13,10252,0.00107296137339056
1360067,2018,"F","70-79",11,12,7483,0.00146999866363758
1360067,2018,"F","80+",16,20,5437,0.00294279933787015
1360067,2018,"M","30-39",5,11,13137,0.000380604399786862
1360067,2018,"M","50-59",6,15,9754,0.000615132253434488
1360067,2018,"M","60-69",9,13,8311,0.0010829021778366
1360067,2018,"M","70-79",8,9,4909,0.00162965980851497
1360067,2018,"M","80+",5,6,2275,0.0021978021978022
1360067,2019,"F","20-29",5,6,10267,0.000486997175416383
1360067,2019,"F","40-49",15,20,10566,0.00141964792731403
1360067,2019,"F","50-59",8,8,10842,0.000737871241468364
1360067,2019,"F","60-69",9,9,10320,0.000872093023255814
1360067,2019,"F","70-79",18,25,7616,0.00236344537815126
1360067,2019,"F","80+",32,34,5780,0.0055363321799308
1360067,2019,"M","50-59",14,15,9722,0.00144003291503806
1360067,2019,"M","60-69",14,15,8401,0.001666468277586
1360067,2019,"M","70-79",11,12,5094,0.00215940321947389
1360067,2019,"M","80+",15,20,2404,0.0062396006655574
1360067,2020,"F","20-29",8,11,9907,0.000807509841526194
1360067,2020,"F","30-39",7,9,12305,0.000568874441284031
1360067,2020,"F","40-49",14,16,10470,0.00133715377268386
1360067,2020,"F","50-59",8,12,10807,0.000740260941982049
1360067,2020,"F","60-69",11,19,10485,0.00104911778731521
1360067,2020,"F","70-79",25,29,7703,0.00324548877060885
1360067,2020,"F","80+",41,48,6049,0.00677797983137709
1360067,2020,"M","50-59",10,10,9758,0.00102480016396803
1360067,2020,"M","60-69",9,12,8494,0.00105957146220862
1360067,2020,"M","70-79",14,17,5198,0.00269334359368988
1360067,2020,"M","80+",14,22,2563,0.00546234880998829
1360067,2021,"F","20-29",15,17,9595,0.00156331422615946
1360067,2021,"F","30-39",10,15,12386,0.000807363151945745
1360067,2021,"F","40-49",22,37,10469,0.00210144235361544
1360067,2021,"F","50-59",9,15,10644,0.00084554678692221
1360067,2021,"F","60-69",15,29,10612,0.00141349415755748
1360067,2021,"F","70-79",19,28,7779,0.00244247332562026
1360067,2021,"F","80+",25,36,6328,0.00395069532237674
1360067,2021,"M","30-39",7,10,13623,0.000513836893488952
1360067,2021,"M","50-59",10,14,9789,0.00102155480641536
1360067,2021,"M","60-69",12,15,8580,0.0013986013986014
1360067,2021,"M","70-79",23,34,5304,0.00433634992458522
1360067,2021,"M","80+",14,17,2731,0.00512632735261809
1360067,2022,"F","20-29",12,17,9365,0.00128136679124399
1360067,2022,"F","30-39",11,15,12414,0.00088609634283873
1360067,2022,"F","40-49",28,45,10467,0.00267507404222795
1360067,2022,"F","50-59",17,24,10611,0.00160211101686929
1360067,2022,"F","60-69",9,24,10732,0.000838613492359299
1360067,2022,"F","70-79",23,46,7823,0.00294004857471558
1360067,2022,"F","80+",45,60,6438,0.00698974836905871
1360067,2022,"M","30-39",5,10,13596,0.000367755222124154
1360067,2022,"M","40-49",5,6,11441,0.000437024735600035
1360067,2022,"M","50-59",16,23,9837,0.00162651214801261
1360067,2022,"M","60-69",17,18,8637,0.00196827602176682
1360067,2022,"M","70-79",21,46,5416,0.00387740029542098
1360067,2022,"M","80+",22,30,2781,0.00791082344480403
1360067,2023,"F","20-29",9,14,9201,0.00097815454841865
1360067,2023,"F","30-39",13,20,12197,0.00106583586127736
1360067,2023,"F","40-49",22,34,10642,0.00206728058635595
1360067,2023,"F","50-59",20,27,10591,0.00188839580776131
1360067,2023,"F","60-69",16,24,10727,0.0014915633448308
1360067,2023,"F","70-79",26,49,8057,0.00322700757105622
1360067,2023,"F","80+",36,47,6451,0.00558053015036428
1360067,2023,"M","30-39",10,17,13329,0.000750243829244504
1360067,2023,"M","50-59",14,18,9887,0.00141600080914332
1360067,2023,"M","60-69",18,21,8696,0.00206991720331187
1360067,2023,"M","70-79",24,39,5536,0.00433526011560694
1360067,2023,"M","80+",21,28,2777,0.00756211739287
1360067,2024,"F","20-29",12,13,9074,0.00132245977518184
1360067,2024,"F","30-39",20,31,11928,0.0016767270288397
1360067,2024,"F","40-49",21,37,10814,0.00194192713149621
1360067,2024,"F","50-59",18,37,10539,0.00170794192997438
1360067,2024,"F","60-69",13,19,10709,0.00121393220655523
1360067,2024,"F","70-79",39,78,8330,0.00468187274909964
1360067,2024,"F","80+",51,58,6519,0.00782328578002761
1360067,2024,"M","50-59",8,8,9896,0.000808407437348424
1360067,2024,"M","60-69",20,27,8679,0.00230441295080078
1360067,2024,"M","70-79",28,33,5731,0.00488570930029663
1360067,2024,"M","80+",26,49,2810,0.00925266903914591
1395573,2023,"F","60-69",5,39,10727,0.000466113545259625
1506270,2012,"F","20-29",6,34,12464,0.000481386392811297
1506270,2012,"F","30-39",6,23,10555,0.000568450971103742
1506270,2012,"F","40-49",9,30,10804,0.000833024805627545
1506270,2012,"F","60-69",5,13,8775,0.00056980056980057
1506270,2012,"M","40-49",7,20,10315,0.000678623364032962
1506270,2013,"F","20-29",5,18,12245,0.000408329930583912
1506270,2013,"F","30-39",5,18,10739,0.000465592699506472
1506270,2013,"F","40-49",7,18,10794,0.000648508430609598
1506270,2013,"M","40-49",7,23,10406,0.000672688833365366
1506270,2013,"M","50-59",6,17,9847,0.00060932263633594
1506270,2014,"F","20-29",6,23,11977,0.000500960173666194
1506270,2014,"F","40-49",10,29,10753,0.000929973030782107
1506270,2014,"F","50-59",6,20,11278,0.000532009221493172
1506270,2014,"M","40-49",9,35,10419,0.000863806507342355
1506270,2014,"M","50-59",6,10,9897,0.000606244316459533
1506270,2015,"F","20-29",6,21,11724,0.000511770726714432
1506270,2015,"F","30-39",5,9,11061,0.00045203869451225
1506270,2015,"F","50-59",13,43,11143,0.00116665170959347
1506270,2015,"M","20-29",7,24,12774,0.000547988100829811
1506270,2015,"M","30-39",5,17,12288,0.000406901041666667
1506270,2015,"M","60-69",5,14,7868,0.000635485510930351
1506270,2016,"F","30-39",6,18,11274,0.000532197977647685
1506270,2016,"F","40-49",5,19,10770,0.000464252553389044
1506270,2016,"F","50-59",5,32,11003,0.000454421521403254
1506270,2016,"M","20-29",6,40,12326,0.000486775920817784
1506270,2016,"M","30-39",5,18,12419,0.000402608905708994
1506270,2016,"M","50-59",5,7,9887,0.000505714574694043
1506270,2017,"F","30-39",5,15,11469,0.000435957799285029
1506270,2017,"F","40-49",7,30,10774,0.000649712270280304
1506270,2017,"F","50-59",8,21,10893,0.000734416597815111
1506270,2017,"F","60-69",5,12,10167,0.000491787154519524
1506270,2017,"F","70-79",6,23,7393,0.000811578520221832
1506270,2017,"M","40-49",5,24,10964,0.000456037942356804
1506270,2018,"F","30-39",7,31,11777,0.00059437887407659
1506270,2018,"F","40-49",9,39,10602,0.000848896434634975
1506270,2018,"F","50-59",13,37,10947,0.00118753996528729
1506270,2018,"F","60-69",5,9,10252,0.000487709715177526
1506270,2018,"F","70-79",7,15,7483,0.000935453695042095
1506270,2018,"M","40-49",5,22,11078,0.00045134500812421
1506270,2019,"F","40-49",11,35,10566,0.00104107514669695
1506270,2019,"F","50-59",14,47,10842,0.00129127467256964
1506270,2019,"F","60-69",5,19,10320,0.000484496124031008
1506270,2019,"M","30-39",6,28,13415,0.000447260529258293
1506270,2020,"F","30-39",6,18,12305,0.000487606663957741
1506270,2020,"F","40-49",11,27,10470,0.00105062082139446
1506270,2020,"F","50-59",11,27,10807,0.00101785879522532
1506270,2020,"F","70-79",5,22,7703,0.000649097754121771
1506270,2020,"M","40-49",6,21,11343,0.000528960592435864
1506270,2020,"M","50-59",6,25,9758,0.000614880098380816
1506270,2020,"M","60-69",5,15,8494,0.000588650812338121
1506270,2021,"F","30-39",6,21,12386,0.000484417891167447
1506270,2021,"F","40-49",9,34,10469,0.000859680962842678
1506270,2021,"F","50-59",8,30,10644,0.000751597143930853
1506270,2021,"F","60-69",8,36,10612,0.000753863550697324
1506270,2021,"F","70-79",6,16,7779,0.000771307365985345
1506270,2021,"M","30-39",6,23,13623,0.000440431622990531
1506270,2021,"M","50-59",5,13,9789,0.000510777403207682
1506270,2021,"M","60-69",6,8,8580,0.000699300699300699
1506270,2022,"F","30-39",5,14,12414,0.000402771064926696
1506270,2022,"F","40-49",7,19,10467,0.000668768510556989
1506270,2022,"F","50-59",8,34,10611,0.000753934596173782
1506270,2022,"F","60-69",5,13,10732,0.000465896384644055
1506270,2022,"M","30-39",8,37,13596,0.000588408355398647
1506270,2022,"M","50-59",7,25,9837,0.000711599064755515
1506270,2023,"F","30-39",9,30,12197,0.000737886365499713
1506270,2023,"F","40-49",5,13,10642,0.000469836496899079
1506270,2023,"F","50-59",11,29,10591,0.00103861769426872
1506270,2023,"F","60-69",8,40,10727,0.0007457816724154
1506270,2023,"F","70-79",5,10,8057,0.000620578379049274
1506270,2023,"M","40-49",5,11,11655,0.000429000429000429
1506270,2023,"M","50-59",6,14,9887,0.000606857489632851
1506270,2023,"M","60-69",8,20,8696,0.000919963201471941
1506270,2023,"M","70-79",7,14,5536,0.00126445086705202
1506270,2024,"F","30-39",8,25,11928,0.000670690811535882
1506270,2024,"F","40-49",6,15,10814,0.000554836323284631
1506270,2024,"F","50-59",15,50,10539,0.00142328494164532
1506270,2024,"F","60-69",16,39,10709,0.00149407040806798
1506270,2024,"F","70-79",7,14,8330,0.000840336134453782
1506270,2024,"M","40-49",9,20,11853,0.000759301442672741
1506270,2024,"M","50-59",5,19,9896,0.000505254648342765
1506270,2024,"M","60-69",10,24,8679,0.00115220647540039
1549786,2012,"F","20-29",8,8,12464,0.000641848523748395
1549786,2013,"F","20-29",6,6,12245,0.000489995916700694
1593467,2023,"F","20-29",7,27,9201,0.000760786870992283
1703063,2019,"M","50-59",5,11,9722,0.000514297469656449
1703063,2021,"F","50-59",5,8,10644,0.000469748214956783
1703063,2022,"M","50-59",5,9,9837,0.000508285046253939
1780601,2012,"F","50-59",12,12,11252,0.00106647707074298
1780601,2012,"F","60-69",12,12,8775,0.00136752136752137
1780601,2012,"F","70-79",10,10,7236,0.00138197899391929
1780601,2012,"M","60-69",13,13,7002,0.00185661239645815
1780601,2012,"M","70-79",18,18,4308,0.00417827298050139
1780601,2013,"F","40-49",10,10,10794,0.000926440615156568
1780601,2013,"F","50-59",11,11,11275,0.000975609756097561
1780601,2013,"F","60-69",6,6,9031,0.000664378252685195
1780601,2013,"M","60-69",6,6,7246,0.000828043058239028
1780601,2013,"M","70-79",13,13,4442,0.00292660963529941
1780601,2014,"F","40-49",6,6,10753,0.000557983818469264
1780601,2014,"F","50-59",10,10,11278,0.000886682035821954
1780601,2014,"F","60-69",10,10,9343,0.00107032002568768
1780601,2014,"F","70-79",11,11,7368,0.00149294245385451
1780601,2014,"M","60-69",8,8,7580,0.00105540897097625
1780601,2014,"M","70-79",10,11,4502,0.0022212350066637
1780601,2015,"F","40-49",7,7,10736,0.000652011922503726
1780601,2015,"F","50-59",8,9,11143,0.00071793951359598
1780601,2015,"F","60-69",11,12,9740,0.00112936344969199
1780601,2015,"F","70-79",7,7,7343,0.000953288846520496
1780601,2015,"M","60-69",5,5,7868,0.000635485510930351
1780601,2015,"M","70-79",14,16,4522,0.00309597523219814
1780601,2015,"M","80+",6,6,1867,0.00321371183717193
1780601,2016,"F","50-59",6,6,11003,0.000545305825683904
1780601,2016,"M","60-69",19,19,8076,0.00235264982664685
1780601,2016,"M","70-79",6,6,4604,0.00130321459600348
1780601,2017,"F","40-49",6,6,10774,0.000556896231668832
1780601,2017,"F","50-59",9,9,10893,0.000826218672541999
1780601,2017,"F","60-69",11,12,10167,0.00108193173994295
1780601,2017,"F","70-79",11,11,7393,0.00148789395374002
1780601,2017,"M","60-69",21,21,8155,0.00257510729613734
1780601,2017,"M","70-79",29,30,4775,0.00607329842931937
1780601,2017,"M","80+",9,9,2137,0.0042115114646701
1780601,2018,"F","50-59",6,6,10947,0.000548095368594135
1780601,2018,"F","60-69",6,6,10252,0.000585251658213032
1780601,2018,"F","70-79",8,8,7483,0.00106908993719097
1780601,2018,"F","80+",5,5,5437,0.000919624793084422
1780601,2018,"M","60-69",18,18,8311,0.0021658043556732
1780601,2018,"M","70-79",20,20,4909,0.00407414952128743
1780601,2018,"M","80+",5,5,2275,0.0021978021978022
1780601,2019,"F","40-49",8,8,10566,0.000757145561234147
1780601,2019,"F","50-59",14,16,10842,0.00129127467256964
1780601,2019,"F","60-69",7,7,10320,0.000678294573643411
1780601,2019,"F","70-79",7,7,7616,0.000919117647058824
1780601,2019,"M","60-69",15,16,8401,0.001785501725985
1780601,2019,"M","70-79",18,21,5094,0.00353356890459364
1780601,2020,"F","40-49",7,7,10470,0.000668576886341929
1780601,2020,"F","50-59",8,8,10807,0.000740260941982049
1780601,2020,"F","60-69",8,8,10485,0.000762994754411063
1780601,2020,"F","70-79",8,8,7703,0.00103855640659483
1780601,2020,"M","70-79",9,9,5198,0.00173143516737207
1780601,2020,"M","80+",6,6,2563,0.00234100663285213
1780601,2021,"F","60-69",8,8,10612,0.000753863550697324
1780601,2021,"F","70-79",5,5,7779,0.000642756138321121
1780601,2021,"M","60-69",10,10,8580,0.00116550116550117
1780601,2021,"M","70-79",10,11,5304,0.00188536953242836
1780601,2021,"M","80+",9,9,2731,0.00329549615525449
1780601,2022,"F","70-79",8,8,7823,0.00102262559120542
1780601,2022,"M","60-69",9,11,8637,0.00104202848211184
1780601,2022,"M","70-79",14,14,5416,0.00258493353028065
1780601,2022,"M","80+",5,5,2781,0.00179791441927364
1780601,2023,"M","60-69",5,6,8696,0.000574977000919963
1780601,2023,"M","70-79",8,9,5536,0.00144508670520231
1780601,2023,"M","80+",7,7,2777,0.00252070579762333
1780601,2024,"F","60-69",6,6,10709,0.000560276403025493
1780601,2024,"M","70-79",9,9,5731,0.00157040656080963
1780601,2024,"M","80+",6,7,2810,0.00213523131672598
19038440,2017,"M","40-49",5,6,10964,0.000456037942356804
19038440,2018,"M","50-59",7,11,9754,0.00071765429567357
19054702,2022,"M","50-59",6,6,9837,0.000609942055504727
19054702,2023,"F","70-79",5,6,8057,0.000620578379049274
19054702,2023,"M","60-69",5,6,8696,0.000574977000919963
37499031,2024,"F","40-49",6,8,10814,0.000554836323284631
37499271,2021,"F","50-59",10,11,10644,0.000939496429913566
37499271,2021,"F","60-69",13,14,10612,0.00122502826988315
37499271,2021,"F","70-79",13,14,7779,0.00167116595963491
37499271,2021,"F","80+",19,19,6328,0.00300252844500632
37499271,2021,"M","40-49",5,5,11380,0.000439367311072056
37499271,2021,"M","50-59",10,10,9789,0.00102155480641536
37499271,2021,"M","60-69",20,22,8580,0.00233100233100233
37499271,2021,"M","70-79",15,16,5304,0.00282805429864253
37499271,2021,"M","80+",13,14,2731,0.00476016111314537
37499271,2022,"F","60-69",8,8,10732,0.000745434215430488
37499271,2022,"F","70-79",16,16,7823,0.00204525118241084
37499271,2022,"F","80+",45,47,6438,0.00698974836905871
37499271,2022,"M","50-59",9,9,9837,0.000914913083257091
37499271,2022,"M","60-69",12,12,8637,0.00138937130948246
37499271,2022,"M","70-79",27,28,5416,0.00498522895125554
37499271,2022,"M","80+",26,27,2781,0.00934915498022294
37499271,2023,"F","60-69",11,11,10727,0.00102544979957118
37499271,2023,"F","70-79",23,27,8057,0.00285466054362666
37499271,2023,"F","80+",42,43,6451,0.00651061850875833
37499271,2023,"M","40-49",5,5,11655,0.000429000429000429
37499271,2023,"M","50-59",9,11,9887,0.000910286234449277
37499271,2023,"M","60-69",18,21,8696,0.00206991720331187
37499271,2023,"M","70-79",23,23,5536,0.00415462427745665
37499271,2023,"M","80+",24,28,2777,0.00864241987756572
37499271,2024,"F","60-69",8,9,10709,0.00074703520403399
37499271,2024,"F","70-79",12,12,8330,0.0014405762304922
37499271,2024,"F","80+",34,34,6519,0.00521552385335174
37499271,2024,"M","70-79",13,13,5731,0.00226836503228058
37499271,2024,"M","80+",20,20,2810,0.00711743772241993
40171288,2021,"F","70-79",5,5,7779,0.000642756138321121
40171288,2021,"M","60-69",5,5,8580,0.000582750582750583
40173184,2019,"M","60-69",7,9,8401,0.000833234138793001
40173184,2020,"M","60-69",7,10,8494,0.000824111137273369
40173184,2021,"F","80+",5,6,6328,0.000790139064475348
40173184,2021,"M","60-69",7,8,8580,0.000815850815850816
40173184,2021,"M","70-79",5,5,5304,0.000942684766214178
40173184,2022,"M","60-69",5,6,8637,0.000578904712284358
40173184,2022,"M","70-79",7,8,5416,0.00129246676514032
40173184,2023,"M","60-69",6,11,8696,0.000689972401103956
40173184,2023,"M","70-79",7,8,5536,0.00126445086705202
40173184,2024,"M","60-69",10,13,8679,0.00115220647540039
40173184,2024,"M","70-79",7,7,5731,0.00122142732507416
40173184,2024,"M","80+",5,6,2810,0.00177935943060498
40798880,2015,"M","70-79",7,7,4522,0.00154798761609907
40798880,2019,"M","80+",5,5,2404,0.00207986688851913
40798880,2020,"M","60-69",5,6,8494,0.000588650812338121
40798880,2022,"M","70-79",7,8,5416,0.00129246676514032
42801287,2023,"F","50-59",5,28,10591,0.000472098951940327
42801287,2024,"F","50-59",5,38,10539,0.000474428313881772
43009086,2012,"F","0-9",8,9,9875,0.000810126582278481
43009086,2012,"M","0-9",12,12,10764,0.00111482720178372
43009086,2012,"M","60-69",6,10,7002,0.000856898029134533
43009086,2013,"F","0-9",8,13,9804,0.000815993472052224
43009086,2013,"F","70-79",6,11,7331,0.000818442231619152
43009086,2013,"M","0-9",7,7,10866,0.000644211301306829
43009086,2014,"M","0-9",8,11,10877,0.000735496920106647
43009086,2014,"M","50-59",5,8,9897,0.000505203597049611
43009086,2015,"F","50-59",6,12,11143,0.000538454635196985
43009086,2015,"F","80+",5,5,4475,0.00111731843575419
43009086,2015,"M","50-59",5,8,9891,0.000505510059650187
43009086,2016,"M","50-59",7,8,9887,0.00070800040457166
43009086,2016,"M","60-69",5,11,8076,0.000619118375433383
43009086,2017,"F","60-69",5,9,10167,0.000491787154519524
43009086,2017,"F","70-79",5,7,7393,0.000676315433518193
43009086,2018,"F","70-79",6,11,7483,0.000801817452893225
43009086,2018,"M","60-69",5,6,8311,0.000601612321020335
43009086,2019,"F","70-79",5,11,7616,0.000656512605042017
43009086,2019,"M","50-59",6,8,9722,0.000617156963587739
43009086,2019,"M","60-69",6,10,8401,0.000714200690394001
43009086,2020,"F","70-79",6,7,7703,0.000778917304946125
43009086,2020,"F","80+",5,6,6049,0.000826582906265498
43009086,2021,"F","50-59",5,8,10644,0.000469748214956783
43009086,2021,"F","80+",5,5,6328,0.000790139064475348
43009086,2021,"M","50-59",7,9,9789,0.000715088364490755
43009086,2024,"F","60-69",5,7,10709,0.000466897002521244
44507865,2022,"M","50-59",5,5,9837,0.000508285046253939
45775965,2024,"M","70-79",5,33,5731,0.000872448089338684
