"concept_id","sex","age_group","patient_count_d1","patient_count_d2","denominator_d1","denominator_d2","prevalence_d1","prevalence_d2","log2_pr","se","ci_low","ci_high","ci_width","fold_diff","fold_ci_low","fold_ci_high","fold_ci_width","fold_symmetric","z","p_value","sig","meta_model_type","n_strata","tau2","I2","Q","pval_Q","lower_predict","upper_predict"
702006,"F","60-69",5,14,14087,9343,0.000354937176119827,0.00149844803596275,2.07783345881178,0.75138038635185,0.605154962872366,3.5505119547512,2.94535699187883,4.22172749652145,1.52114213350395,11.7168426686269,10.195700535123,4.22172749652145,2.76535493413691,0.00568608894514,TRUE,"Pass-Through",1,NA,NA,NA,NA,NA,NA
702006,"F","70-79",5,14,10461,7368,0.00047796577765032,0.00190010857763301,1.99110263057677,0.751306566492441,0.518568818903138,3.4636364422504,2.94506762334726,3.97540716612378,1.43253344230663,11.0321069440594,9.59957350175277,3.97540716612378,2.65018664733952,0.00804473140792927,TRUE,"Pass-Through",1,NA,NA,NA,NA,NA,NA
702006,"M","50-59",22,40,45141,39352,0.000487361821847101,0.0010164667615369,1.02076401956264,0.390954111411405,0.254508041588424,1.78701999753685,1.53251195594843,2.02899318527651,1.19292888541055,3.45101321314867,2.25808432773812,2.02899318527651,2.61095609374082,0.00902894849804014,TRUE,"Random-Effects",4,0,0,2.47677565270904,0.479502867929987,-0.223426447834064,2.26495448695934
702006,"M","60-69",6,23,9902,7868,0.000605938194304181,0.00292323335027961,2.27032244701949,0.660995008223597,0.974796036940478,3.56584885709849,2.59105282015801,4.82430943907812,1.96536332141875,11.8420656935723,9.87670237215354,4.82430943907812,3.43470437563652,0.000593200571572083,TRUE,"Pass-Through",1,NA,NA,NA,NA,NA,NA
729855,"F","30-39",17,41,42101,36539,0.000403790883826987,0.0011220887271135,1.47317170769383,0.416305743488676,0.657227443898851,2.2891159714888,1.63188852758995,2.77631585188226,1.57704895359041,4.8875652793557,3.31051632576529,2.77631585188226,3.53867735609057,0.000402137039251777,TRUE,"Random-Effects",3,0,0,0.0589877562132447,0.970936821594698,-0.318047335938105,3.26439075132576
729855,"F","50-59",65,230,157080,119985,0.00041380188439012,0.00191690627995166,2.18770033260996,0.203259979443053,1.78931809340322,2.58608257181669,0.796764478413473,4.5557871116306,3.45651477713649,6.00466005346978,2.54814527633328,4.5557871116306,10.7630648128786,5.14307016540446e-27,TRUE,"Random-Effects",11,0,0,1.60200858681153,0.998580972900574,1.73480887535896,2.64059178986096
729855,"F","60-69",156,243,188337,130868,0.000828302457828255,0.00185683283919675,1.13904363984032,0.150404326677254,0.84425657643391,1.43383070324674,0.58957412681283,2.20234981369851,1.79533936548943,2.70163112062973,0.906291755140303,2.20234981369851,7.57321059177072,3.64111329523755e-14,TRUE,"Random-Effects",13,0,0,10.7740357854675,0.548376757719076,0.811340763238463,1.46674651644219
729855,"F","70-79",93,176,142025,98798,0.000654814293258229,0.00178141257920201,1.43020645759495,0.18633297424751,1.0650005389376,1.7954123762523,0.730411837314698,2.69485277439179,2.09217066114263,3.47114679052086,1.37897612937824,2.69485277439179,7.67554139770869,1.64721446196862e-14,TRUE,"Random-Effects",13,0,0,3.96596740967298,0.984042691931905,1.02422178271442,1.83619113247548
729855,"F","80+",46,51,60187,43002,0.000764284646186054,0.00118599134923957,0.635185810311526,0.294812939182185,0.057363067338046,1.21300855328501,1.15564548594696,1.55313777178186,1.04056210049765,2.31820564768012,1.27764354718247,1.55313777178186,2.15453844079415,0.0311979707325066,TRUE,"Random-Effects",7,0,0,1.01799459609797,0.984920964803151,-0.0861954644442436,1.3565670850673
729855,"M","60-69",5,8,9690,8679,0.000515995872033024,0.000921765180320313,0.837039746764324,0.822186296762836,-0.774415783473195,2.44849527700184,3.22291106047504,1.78638091946077,0.584625319229026,5.45846490812581,4.87383958889678,1.78638091946077,1.01806579610968,0.308646688744098,FALSE,"Pass-Through",1,NA,NA,NA,NA,NA,NA
937368,"F","60-69",5,6,14433,10709,0.000346428323979769,0.000560276403025493,0.69358184270803,0.873401431386229,-1.01825350685471,2.40541719227077,3.42367069912548,1.61729386497339,0.493713668938093,5.29788744011567,4.80417377117758,1.61729386497339,0.794115761417066,0.427128042738807,FALSE,"Pass-Through",1,NA,NA,NA,NA,NA,NA
937368,"M","20-29",21,26,27175,27282,0.000772769089236431,0.000953009310167876,0.302653084636616,0.424394597613453,-0.529145041919119,1.13445121119235,1.66359625311147,1.23341054404666,0.692965271784149,2.19535037628747,1.50238510450332,1.23341054404666,0.713140757065619,0.475758661269437,FALSE,"Random-Effects",3,0,0,0.310512277345563,0.856195844527728,-1.52336948927583,2.12867565854906
937368,"M","30-39",6,10,14424,13036,0.000415973377703827,0.000767106474378644,0.882935638859984,0.74480048744067,-0.576846492191605,2.34271776991157,2.91956426210318,1.84412396440626,0.670427627844282,5.07257316801293,4.40214554016865,1.84412396440626,1.18546597880727,0.235833258316017,FALSE,"Pass-Through",1,NA,NA,NA,NA,NA,NA
1304850,"F","30-39",41,22,42609,36728,0.000962238024830435,0.000598998039642779,-0.653505832852051,0.386536115668663,-1.41110269828664,0.104091032582536,1.51519373086917,0.635733565540277,0.376024169603456,1.07481699056942,0.698792820965969,1.57298600263485,-1.69067211668323,0.0908994425964156,FALSE,"Random-Effects",3,0,0,1.60137530770613,0.44902008753601,-2.31663650608058,1.00962484037647
1304850,"F","40-49",244,96,148030,117073,0.00164831453083834,0.000820001195835077,-0.977389354400312,0.204573467499033,-1.37834598289089,-0.576432725909732,0.801913256981159,0.507897981539857,0.384659546054527,0.670619934688152,0.285960388633625,1.96889933873763,-4.77769363910759,1.77317263902009e-06,TRUE,"Random-Effects",11,0.110608492157213,0.267399062022372,13.6499961733674,0.189563178428604,-1.84738783471213,-0.107390874088498
1304850,"F","50-59",509,219,185478,141825,0.00274426077486279,0.00154415653093601,-0.820623639188129,0.2137912801472,-1.23964684848535,-0.401600429890903,0.83804641859445,0.566197137583274,0.423476304555726,0.757018031844346,0.33354172728862,1.76616929620723,-3.83843362845814,0.000123821673503543,TRUE,"Random-Effects",13,0.406122894059375,0.691952752194939,38.9550631778209,0.000107042914408176,-2.28518396766707,0.643936689290811
1304850,"F","60-69",744,339,188337,130868,0.00395036556810398,0.00259039642999052,-0.603516210762294,0.119974475440849,-0.838661861690442,-0.368370559834145,0.470291301856298,0.658147926961483,0.559161966292574,0.774656932830537,0.215494966537963,1.51941525458687,-5.030371739861,4.89529772736167e-07,TRUE,"Random-Effects",13,0.0667423504731476,0.351818523180134,18.5133337331312,0.10096965308002,-1.22413843478541,0.0171060132608233
1304850,"F","70-79",630,299,131617,91562,0.00478661571073646,0.00326554684257661,-0.533529910425526,0.103196558446926,-0.735791448309983,-0.331268372541068,0.404523075768915,0.690862298844736,0.600488512296225,0.79483738021883,0.194348867922605,1.44746645123378,-5.1700358854498,2.34049046651233e-07,TRUE,"Random-Effects",12,0.00326200699669169,0.0294684054354488,11.333994752572,0.415721292975481,-0.793129897700884,-0.273929923150167
1304850,"F","80+",135,74,74183,53022,0.00181982394888317,0.00139564708988722,-0.348601107938062,0.211798516931599,-0.763718573102993,0.0665163572268688,0.830234930329862,0.785345229473262,0.588976275347517,1.04718501452795,0.458208739180437,1.27332536376481,-1.6459091073364,0.0997824736291707,FALSE,"Random-Effects",9,0,0,6.10370559756805,0.635616414233346,-0.837009363812439,0.139807147936315
1304850,"M","30-39",10,11,28542,25204,0.000350360871697849,0.000436438660530075,0.316412863786408,0.630887688144159,-0.920104283265881,1.5529300108387,2.47303429410458,1.24523053870665,0.528470819099412,2.93412434232433,2.40565352322492,1.24523053870665,0.501535962315541,0.615993974914429,FALSE,"Random-Effects",2,0,0,0.0381889245667298,0.845064264516222,-7.69977526730521,8.33260099487803
1304850,"M","40-49",114,60,136573,121957,0.000834718428972052,0.000491976680305353,-0.716802632602934,0.234866356688278,-1.1771322328921,-0.256473032313772,0.920659200578325,0.608444411651326,0.442229682425664,0.837131962827841,0.394902280402177,1.64353551590027,-3.05195960251684,0.00227352696442538,TRUE,"Random-Effects",11,0,0,6.56562491004025,0.765717083233522,-1.24011748696455,-0.193487778241316
1304850,"M","50-59",302,119,130571,117983,0.00231291787609806,0.00100861988591577,-1.16160323088246,0.191277903045452,-1.53650103188989,-0.786705429875032,0.749795602014859,0.447015502207827,0.344720492085611,0.579666320401081,0.234945828315471,2.23705888288205,-6.07285636441989,1.25654841473221e-09,TRUE,"Random-Effects",12,0.130489297814861,0.304364046557076,15.8128687074863,0.148221475648925,-2.06125583836074,-0.261950623404183
1304850,"M","60-69",647,268,126712,105725,0.00510606730222868,0.00253487822180184,-0.932171860232389,0.168062102730624,-1.26156752875048,-0.602776191714295,0.658791337036186,0.524068804639351,0.41709053282998,0.658485605349557,0.241395072519578,1.9081463944189,-5.54659167704517,2.91291925393081e-08,TRUE,"Random-Effects",13,0.213620415508205,0.581070588165979,28.644443815643,0.00444785525605002,-2.00370768120779,0.13936396074301
1304850,"M","70-79",445,238,83735,64341,0.00531438466591031,0.00369904104692187,-0.366407305977921,0.247956228443255,-0.852392583469087,0.119577971513246,0.971970554982333,0.77571182207624,0.553865436600251,1.0864170087998,0.532551572199548,1.28913853255896,-1.47770962753522,0.139485516358514,FALSE,"Random-Effects",13,0.590428695320936,0.691785921015631,38.9339774469179,0.000107902254715382,-2.12560267862192,1.39278806666608
1304850,"M","80+",63,31,15503,11346,0.00406372960072244,0.00273224043715847,-0.550559981131513,0.319280368321809,-1.17633800401294,0.0752180417499153,1.25155604576286,0.682755066008691,0.442473204634001,1.05352024773143,0.611047043097429,1.46465409014962,-1.72437780633162,0.0846396614297453,FALSE,"Random-Effects",5,0,0,2.11611007033864,0.714413283226736,-1.43702439694435,0.335904434681322
1307046,"F","70-79",6,5,10478,7331,0.00057262836419164,0.00068203519301596,0.252247050632709,0.873318997371887,-1.45942673123082,1.96392083249624,3.42334756372706,1.1910607920702,0.363637595526458,3.90120776250619,3.53757016697973,1.1910607920702,0.288837242052223,0.77270593110995,FALSE,"Pass-Through",1,NA,NA,NA,NA,NA,NA
1314273,"F","60-69",8,8,14433,10709,0.00055428531836763,0.00074703520403399,0.430547436874236,0.721112806175423,-0.982807692020205,1.84390256576868,2.82671025778888,1.34774488747782,0.505994043877804,3.58979775295787,3.08380370908006,1.34774488747782,0.597059757068713,0.550467484697993,FALSE,"Pass-Through",1,NA,NA,NA,NA,NA,NA
1314273,"F","70-79",7,6,11861,8057,0.000590169462945789,0.000744694054859129,0.335518566543039,0.802371139466492,-1.23709996904565,1.90813710213173,3.14523707117738,1.2618308835263,0.424224553931236,3.75324144693157,3.32901689300034,1.2618308835263,0.418158817085731,0.675831003908325,FALSE,"Pass-Through",1,NA,NA,NA,NA,NA,NA
1344143,"F","30-39",20,27,42101,36539,0.000475048098619985,0.000738936478830838,0.636588358346126,0.425603141423508,-0.197578470551057,1.47075518724331,1.66833365779437,1.55464842335864,0.872012988773349,2.7716694032865,1.89965641451315,1.55464842335864,1.49573228293602,0.134723434070025,FALSE,"Random-Effects",3,0,0,0.0147388336319343,0.992657670755425,-1.19463415988968,2.46781087658193
1344143,"F","40-49",61,108,134328,106347,0.000454112322077303,0.00101554345679709,1.13734269361416,0.235053625878456,0.676646052456833,1.59803933477148,0.921393282314651,2.19975475996845,1.59841945997563,3.02731612394009,1.42889666396446,2.19975475996845,4.83865198574843,1.30722711933679e-06,TRUE,"Random-Effects",10,0,0,5.67802470740711,0.771660106674147,0.605614450191519,1.6690709370368
1344143,"F","50-59",140,247,185478,141825,0.00075480649996226,0.00174158293671779,1.16311168553369,0.176225696401864,0.81771566743555,1.50850770363184,0.690792036196286,2.23939913259107,1.76261289822384,2.84515589333489,1.08254299511105,2.23939913259107,6.6001253465405,4.10810294556424e-11,TRUE,"Random-Effects",13,0.0802996525377458,0.184812365414697,14.7205373228024,0.257076400644871,0.436043611712703,1.89017975935468
1344143,"F","60-69",252,458,188337,130868,0.00133802704726103,0.00349970963107864,1.34821365748231,0.145381935833967,1.06327029924502,1.63315701571959,0.569886716474576,2.54596689035362,2.08966300237897,3.10191040344665,1.01224740106768,2.54596689035362,9.27359819325855,1.79969905272711e-20,TRUE,"Random-Effects",13,0.0958061636791056,0.30141289113441,17.1775285396926,0.143040433413505,0.603129525794631,2.09329778916998
1344143,"F","70-79",367,665,142025,98798,0.0025840521035029,0.00673090548391668,1.36883816018962,0.0995833224571411,1.17365843471279,1.56401788566646,0.390359450953671,2.58262496856291,2.25583013258638,2.95676151847358,0.700931385887199,2.58262496856291,13.7456566663434,5.40801343753124e-43,TRUE,"Random-Effects",13,0.0126154617117963,0.0905214678910191,13.1943741125734,0.35507253162,1.04178173563632,1.69589458474293
1344143,"F","80+",338,826,96807,69007,0.00349148305391139,0.0119698001652006,1.74505258913123,0.114948829395174,1.51975702345165,1.97034815481081,0.45059113135916,3.35207072615385,2.86742752749229,3.91862672915202,1.05119920165973,3.35207072615385,15.1811253608511,4.71620303763096e-52,TRUE,"Random-Effects",13,0.0524506495916591,0.315744409348397,17.5373064742849,0.13047869190588,1.18673256476881,2.30337261349365
1344143,"M","20-29",5,5,12885,11733,0.000388048117966628,0.000426148470126992,0.135120595292879,0.912254714264423,-1.65286578939227,1.92310697997803,3.57597276937029,1.09818460751726,0.318007833848641,3.79238906662233,3.47438123277369,1.09818460751726,0.148117179533384,0.88225029168234,FALSE,"Pass-Through",1,NA,NA,NA,NA,NA,NA
1344143,"M","30-39",56,77,116287,103719,0.000481567157119884,0.000742390497401633,0.612372067635023,0.25610649062593,0.110412569801256,1.11433156546879,1.00391899566753,1.52877073628241,1.07953690925779,2.16494678789659,1.0854098786388,1.52877073628241,2.39108374855465,0.0167987204921129,TRUE,"Random-Effects",8,0,0,2.9730309221129,0.88748582813052,0.00677644891062956,1.21796768635942
1344143,"M","40-49",144,196,148801,132944,0.000967735431885538,0.0014743049705139,0.602445750138526,0.160803316181744,0.287277041827702,0.91761445844935,0.630337416621649,1.51828828672938,1.22033482960018,1.88898920665477,0.668654377054585,1.51828828672938,3.7464759088527,0.000179336217538975,TRUE,"Random-Effects",12,0,0,10.5051943417116,0.485596687679935,0.248520037528984,0.956371462748068
1344143,"M","50-59",256,452,141939,127700,0.00180359168375147,0.00353954581049334,0.93878917088667,0.122907446144097,0.697895003012443,1.1796833387609,0.481788335748454,1.91691872643771,1.62213625043244,2.26527050535242,0.643134254919981,1.91691872643771,7.63817978762677,2.203140826139e-14,TRUE,"Random-Effects",13,0.0256175536848829,0.128317020903501,13.7664727748132,0.315868901443326,0.499101751117128,1.37847659065621
1344143,"M","60-69",466,747,126712,105725,0.00367763116358356,0.00706550011823126,0.922729325031065,0.0852651963352669,0.755612611079205,1.08984603898292,0.334233427903719,1.89569823055422,1.68834836282969,2.12851320286968,0.440164840039994,1.89569823055422,10.8218753335517,2.71171149008785e-27,TRUE,"Random-Effects",13,0,0,7.67623212313435,0.809892484423887,0.73695242133169,1.10850622873044
1344143,"M","70-79",439,706,83735,64341,0.00524273004120141,0.0109727856265834,1.03545153081045,0.0947539652511484,0.849737171525837,1.22116589009506,0.371428718569221,2.04975507250946,1.80217257764745,2.33135045410739,0.529177876459941,2.04975507250946,10.9277910224226,8.48897434076414e-28,TRUE,"Random-Effects",13,0.0144306894769379,0.121877102708945,13.6655131497187,0.322575946608376,0.702093143607122,1.36880991801377
1344143,"M","80+",221,508,39868,29028,0.00554329286645932,0.0175003444949704,1.60779281121684,0.134452985027365,1.3442698029493,1.87131581948438,0.527046016535077,3.04785192015984,2.53901655713613,3.65866118561273,1.1196446284766,3.04785192015984,11.9580298711078,5.89438071914955e-33,TRUE,"Random-Effects",13,0.0502905226529503,0.219071115644708,15.3663159865149,0.222012284010435,1.03809209209347,2.17749353034022
1360067,"F","20-29",16,26,27666,28542,0.000578327188606954,0.000910938266414407,0.622382163843129,0.46862526774479,-0.296106483182098,1.54087081086836,1.83697729405045,1.53941495069551,0.814447447693075,2.90970080038598,2.0952533526929,1.53941495069551,1.32810201813974,0.184144406857236,FALSE,"Random-Effects",3,0,0,1.36145318658514,0.506249021555785,-1.39394962364856,2.63871395133482
1360067,"F","30-39",79,68,85631,73007,0.000922563090469573,0.000931417535304834,0.0129423978293487,0.240431962406196,-0.458295589219084,0.484180384877781,0.942475974096865,1.00901134646417,0.727845633234227,1.39879096721295,0.670945333978725,1.00901134646417,0.0538297724637927,0.957070788904807,FALSE,"Random-Effects",6,0,0,2.01339021939772,0.847289158714536,-0.605107637438412,0.630992433097109
1360067,"F","40-49",166,133,93655,74030,0.00177246276226576,0.00179656895853033,0.0224320784252008,0.169275040933561,-0.309340905286122,0.354205062136524,0.663545967422646,1.01567024240776,0.807010357412135,1.27828104291086,0.471270685498721,1.01567024240776,0.132518523117683,0.894574172900101,FALSE,"Random-Effects",7,0,0,5.38678636284558,0.495244308043591,-0.391769025338179,0.436633182188581
1360067,"F","50-59",134,86,95245,74981,0.00140689799989501,0.00114695722916472,-0.284360379604836,0.201581760352073,-0.679453369835084,0.110732610625411,0.790185980460495,0.821105566158339,0.624401812459573,1.07977641531888,0.455374602859302,1.21787019990456,-1.41064538333322,0.158349202740998,FALSE,"Random-Effects",7,0,0,5.04626110670439,0.537893638595853,-0.777613177984989,0.208892418775317
1360067,"F","60-69",102,84,103622,73837,0.000984346953349675,0.00113764102008478,0.220495895182182,0.236908683890332,-0.243836592867653,0.684828383232017,0.928664976099669,1.16513400723332,0.84449653406994,1.60751074758009,0.763014213510148,1.16513400723332,0.930721033781322,0.351997886423914,FALSE,"Random-Effects",7,0.0623446055248694,0.16714661098729,7.20414910853948,0.302379698189585,-0.621719398631157,1.06271118899552
1360067,"F","70-79",231,185,100268,69520,0.00230382574699805,0.00266110471806674,0.235914127199586,0.181299052098561,-0.119425485344845,0.591253739744017,0.710679225088862,1.17765269068886,0.920554163680208,1.50655541477568,0.586001251095476,1.17765269068886,1.30124302619814,0.193175282015797,FALSE,"Random-Effects",9,0.0948460825326747,0.247307042850306,10.6285038593884,0.223649838341654,-0.588189384385891,1.06001763878506
1360067,"F","80+",359,261,74183,53022,0.00483938368628931,0.00492248500622383,0.0320813446548608,0.136409305274146,-0.235275980838596,0.299438670148317,0.534714650986913,1.02248618065953,0.849522473903366,1.23066548767802,0.381143013774652,1.02248618065953,0.235184429613403,0.81406559047378,FALSE,"Random-Effects",9,0.0337556378793097,0.209460053477523,10.1196657236505,0.256727240377201,-0.495601418071805,0.559764107381527
1360067,"M","30-39",6,10,14782,13329,0.000405899066432147,0.000750243829244504,0.886238525864823,0.744805189668419,-0.573552821383801,2.34602987311345,2.91958269449725,1.84835071398204,0.671959961695418,5.08423203260211,4.41227207090669,1.84835071398204,1.18989305949838,0.234088426722185,FALSE,"Pass-Through",1,NA,NA,NA,NA,NA,NA
1360067,"M","40-49",9,5,13017,11441,0.000691403549204886,0.000437024735600035,-0.661813070877708,0.80448443002705,-2.23857357985396,0.914947438098543,3.1535210179525,0.632083442589517,0.211895729909688,1.88550037589761,1.67360464598792,1.58206960129062,-0.822654915590418,0.410704260270412,FALSE,"Pass-Through",1,NA,NA,NA,NA,NA,NA
1360067,"M","50-59",66,78,74913,68643,0.000881021985503184,0.00113631397229142,0.369541717167242,0.308127824894567,-0.234377722260773,0.973461156595256,1.20783887885603,1.29194237032473,0.850051572872161,1.96354567358854,1.11349410071638,1.29194237032473,1.19931303605473,0.230406248057754,FALSE,"Random-Effects",7,0.221296910043362,0.338551491397745,9.07100087454872,0.169624231775599,-1.00648382686866,1.74556726120314
1360067,"M","60-69",87,99,69149,59798,0.00125815268478214,0.00165557376500886,0.378478988630299,0.213799116395802,-0.0405595794319598,0.797517556692557,0.838077136124517,1.29997059355621,0.972277756012547,1.73810779240853,0.765830036395984,1.29997059355621,1.77025515825626,0.0766846444350036,FALSE,"Random-Effects",7,0,0,3.56242589608802,0.735646531050506,-0.144668603042912,0.901626580303509
1360067,"M","70-79",188,137,53065,41963,0.00354282483746349,0.00326478087839287,-0.127838180791969,0.163368528494467,-0.44803461284843,0.192358251264491,0.640392864112921,0.91520181555061,0.733040791416818,1.14262995046733,0.409589159050515,1.09265517507564,-0.782514122946874,0.433912488715565,FALSE,"Random-Effects",8,0,0,6.71358109864548,0.459298357773863,-0.514143365217012,0.258467003633074
1360067,"M","80+",192,117,24936,18341,0.00769971126082772,0.00637915053704814,-0.266323071542238,0.169993495360051,-0.599504200054014,0.0668580569695378,0.666362257023552,0.831435888992002,0.659980726935259,1.04743306780189,0.387452340866634,1.20273855535916,-1.56666624789472,0.117192724016879,FALSE,"Random-Effects",7,0,0,4.16449779232267,0.654426353102544,-0.682282169956303,0.149636026871827
1506270,"F","30-39",39,40,85211,72171,0.000457687387778573,0.000554239237366809,0.269679238287021,0.326766750065414,-0.370771823186391,0.910130299760433,1.28090212294682,1.20553976411564,0.773368643856732,1.8792152156782,1.10584657182147,1.20553976411564,0.825295836351266,0.409203655100505,FALSE,"Random-Effects",6,0,0,1.09090470632731,0.954905576705073,-0.570301433921043,1.10965991049508
1506270,"F","40-49",18,22,40309,32022,0.000446550398174105,0.000687027668477921,0.617720148354789,0.467297616587462,-0.298166350218043,1.53360664692762,1.83177299714566,1.53444841731378,0.813285416700364,2.89508688714658,2.08180147044622,1.53444841731378,1.32189877805459,0.186201859386637,FALSE,"Random-Effects",3,0,0,1.55060338780094,0.460564810442653,-1.39289921726067,2.62833951397025
1506270,"F","50-59",60,104,140086,108405,0.000428308324886141,0.000959365342926987,1.14139517395434,0.236641825292502,0.677585719145221,1.60520462876347,0.927618909618245,2.20594248128499,1.59946089335208,3.04238900179638,1.4429281084443,2.20594248128499,4.82330278066238,1.41200376785735e-06,TRUE,"Random-Effects",10,0,0,3.59997789349547,0.935717639957497,0.60607417385127,1.67671617405742
1506270,"F","60-69",54,52,103505,73519,0.000521713926863437,0.000707300153701764,0.430806000919729,0.283986106470684,-0.125796539872568,0.987408541712026,1.11320508158459,1.34798645592441,0.916497887255025,1.98262048459041,1.06612259733538,1.34798645592441,1.51699675126255,0.129267504264891,FALSE,"Random-Effects",7,0,0,2.3121419681941,0.888871154796564,-0.264082968563904,1.12569497040336
1506270,"F","70-79",30,25,45946,31649,0.000652940408305402,0.000789914373281936,0.286556312139056,0.395528944134411,-0.488666173207545,1.06177879748566,1.5504449706932,1.21972533704709,0.712683696661177,2.08750376191352,1.37482006525235,1.21972533704709,0.724488855717413,0.468765666496044,FALSE,"Random-Effects",4,0,0,1.28204481536692,0.733401064386661,-0.972193314754267,1.54530593903238
1506270,"M","30-39",11,12,30173,27038,0.000364564345607,0.000443819809157482,0.283795678068571,0.602716559017308,-0.897507070491261,1.4650984266284,2.36260549711967,1.21739359287796,0.536813526392955,2.76082305514678,2.22400952875383,1.21739359287796,0.470860927616263,0.637740051772691,FALSE,"Random-Effects",2,0,0,0.0438782040009111,0.834080377786333,-7.37444431868806,7.9420356748252
1506270,"M","40-49",11,15,26195,23196,0.000419927467073869,0.000646663217796172,0.621936249524963,0.573393900629606,-0.501895144664003,1.74576764371393,2.24766278837793,1.53893921530127,0.70617852550997,3.35373255181018,2.64755402630021,1.53893921530127,1.08465794428936,0.278073180978687,FALSE,"Random-Effects",2,0,0,0.0799226870177933,0.777402210257647,-6.66372404634861,7.90759654539854
1506270,"M","50-59",13,11,21286,19547,0.000610730057314667,0.00056274620146314,-0.116375534540295,0.592938745406506,-1.27851412057541,1.04576305149482,2.32427717207023,0.922502333388005,0.41221984895605,2.064457976154,1.65223812719795,1.08400809819892,-0.196269067322478,0.844399571201694,FALSE,"Random-Effects",2,0,0,0.164152033505631,0.685362256444372,-7.65037662968592,7.41762556060533
1506270,"M","60-69",13,18,19480,17375,0.00066735112936345,0.00103597122302158,0.63036163433602,0.527169133251392,-0.402870880597905,1.66359414926995,2.06646502986785,1.54795296381454,0.756351688143158,3.16804790118838,2.41169621304522,1.54795296381454,1.19574837481127,0.231794767470041,FALSE,"Random-Effects",2,0,0,0.254918955360997,0.61363259006601,-6.06795730334793,7.32868057201997
1506270,"M","70-79",8,7,6788,5536,0.00117855038302887,0.00126445086705202,0.101497543963545,0.746208385021931,-1.36104401564124,1.56403910356833,2.92508311920957,1.07288656069364,0.389300468058014,2.95680500426601,2.567504536208,1.07288656069364,0.136017694253814,0.891807292970717,FALSE,"Pass-Through",1,NA,NA,NA,NA,NA,NA
1549786,"F","20-29",12,14,28649,24709,0.000418862787531851,0.000566595167752641,0.430048980244049,0.574296131309661,-0.695550753583571,1.55564871407167,2.25119946765524,1.34727931692003,0.617473551001978,2.93965879972513,2.32218524872315,1.34727931692003,0.748827924825714,0.45396092636746,FALSE,"Random-Effects",2,0,0,0.633507424347213,0.426071678893845,-6.86707524336956,7.72717320385766
1780601,"F","40-49",28,23,40672,32283,0.000688434303697876,0.000712449276709104,0.0506752226107576,0.406448165858024,-0.745948544053332,0.847298989274848,1.59324753332818,1.03574957089044,0.596275702879863,1.79912944367594,1.20285374079607,1.03574957089044,0.124678192368714,0.900778322636391,FALSE,"Random-Effects",3,0,0,0.15038627926068,0.927564319597208,-1.69813008771993,1.79948053294145
1780601,"F","50-59",72,41,61277,44948,0.00117499224831503,0.000912165168639317,-0.355831171363493,0.283224371813001,-0.910940739660957,0.199278396933971,1.11021913659493,0.781419318927928,0.531838181855907,1.14812394601488,0.616285764158977,1.2797226479785,-1.25635788009949,0.208986245464928,FALSE,"Random-Effects",4,0,0,0.786489965679029,0.852695651343991,-1.25717752700608,0.545515184279092
1780601,"F","60-69",63,39,55064,36889,0.00114412320209211,0.0010572257312478,-0.0764669100608765,0.443455103016268,-0.945622940733261,0.792689120611508,1.73831206134477,0.948377335100402,0.519205315778632,1.73230038753227,1.21309507175364,1.05443262189952,-0.172434389729125,0.863096037978266,FALSE,"Random-Effects",4,0.409401500272596,0.464884436400148,5.60626564441197,0.132419116486528,-2.55398435018432,2.40105053006257
1780601,"F","70-79",16,21,20869,14604,0.000766687431117926,0.0014379622021364,0.89839266893193,0.483817954809649,-0.0498730975688101,1.84665843543267,1.89653153300148,1.86398812494583,0.966021298413462,3.59666162189728,2.63064032348382,1.86398812494583,1.85688162252141,0.0633279977128879,FALSE,"Random-Effects",2,0,0,0.769643704091331,0.380327297882125,-5.24909731991679,7.04588265778065
1780601,"M","60-69",93,105,77491,62639,0.00120013937102373,0.00167627197113619,0.431231192368854,0.291510479846497,-0.14011884924627,1.00258123398398,1.14270008323025,1.34838379338412,0.907444396950368,2.0035815531741,1.09613715622373,1.34838379338412,1.47929910648815,0.13906039157695,FALSE,"Random-Effects",8,0.305902308112207,0.406158532506654,11.7876577894561,0.107761668086492,-1.04714253271516,1.90960491745287
1780601,"M","70-79",90,128,50147,37156,0.00179472351287216,0.00344493486920013,0.914900764528247,0.336220688681197,0.255920323855848,1.57388120520065,1.3179608813448,1.88543937782918,1.19409723849346,2.97704536353664,1.78294812504318,1.88543937782918,2.72113167133434,0.00650588418338046,TRUE,"Random-Effects",8,0.540077895018501,0.57688367361855,16.5439137266694,0.0205860379138367,-0.996093474569559,2.82589500362605
1780601,"M","80+",14,11,5764,4142,0.00242886884108258,0.00265572187349107,0.125916676450673,0.581111087065146,-1.01304012521393,1.26487347811528,2.27791360332921,1.09120085240235,0.495501000230174,2.4030613454473,1.90756034521713,1.09120085240235,0.216682626185305,0.828455688640234,FALSE,"Random-Effects",2,0,0,0.0345560272638442,0.852529051786816,-7.25779977026011,7.50963312316145
37499271,"F","80+",21,87,17778,12889,0.00118123523455957,0.00674994181084646,2.49706271805619,0.407787014502905,1.69781485626739,3.296310579845,1.59849572357761,5.64534878766647,3.24409227520989,9.82400013031236,6.57990785510247,5.64534878766647,6.12344834251313,9.15715527632111e-10,TRUE,"Random-Effects",2,0.0819903957390459,0.241519930805174,1.31842620605913,0.250874692894617,-3.83415548100298,8.82828091711537
37499271,"M","40-49",8,5,12869,11380,0.000621648923770301,0.000439367311072056,-0.500672511070512,0.822253176722316,-2.1122591236199,1.11091410147887,3.22317322509877,0.706777240773286,0.231284562071879,2.15982451919923,1.92853995712735,1.41487295050121,-0.60890310338028,0.542588667092743,FALSE,"Pass-Through",1,NA,NA,NA,NA,NA,NA
37499271,"M","50-59",8,10,10678,9789,0.000749203970781045,0.00102155480641536,0.447336155738848,0.684032511098312,-0.893342930268338,1.78801524174603,2.68135817201437,1.3635202778629,0.538365202858908,3.4533947184372,2.9150295155783,1.3635202778629,0.65396914398204,0.513131685183781,FALSE,"Pass-Through",1,NA,NA,NA,NA,NA,NA
37499271,"M","60-69",13,30,19672,17333,0.000660837738918259,0.00173080251543299,1.36737258854698,0.482787623521415,0.421126234263326,2.31361894283064,1.89249270856731,2.58000272343078,1.33897241049777,4.97128544301799,3.63231303252022,2.58000272343078,2.83224449411829,0.00462224905935268,TRUE,"Random-Effects",2,0,0,0.659278762739727,0.416814682656499,-4.76702580000735,7.50177097710131
37499271,"M","70-79",12,42,13241,10720,0.000906275961030134,0.00391791044776119,2.10448968225443,0.472469422863027,1.17846662964647,3.03051273486238,1.85204610521591,4.30045611260116,2.26336087559896,8.17100046916494,5.90763959356597,4.30045611260116,4.4542346666623,8.41929760405408e-06,TRUE,"Random-Effects",2,0,0,0.12748971630207,0.721049118711161,-3.89880353622549,8.10778290073434
37499271,"M","80+",12,37,7420,5508,0.00161725067385445,0.00671750181554103,2.04136308794538,0.479372216280474,1.10181080884651,2.98091536704426,1.87910455819775,4.1163426751192,2.14623910229924,7.89486921604182,5.74863011374258,4.1163426751192,4.25840926657087,2.05886754070647e-05,TRUE,"Random-Effects",2,0,0,0.116313617739724,0.733067579834879,-4.04963843694813,8.1323646128389
40173184,"M","70-79",18,21,20390,16683,0.000882785679254536,0.00125876640891926,0.510368907142802,0.464236733073167,-0.399518369981139,1.42025618426674,1.81977455424788,1.4244143816839,0.758111329271717,2.67633031245827,1.91821898318655,1.4244143816839,1.09937208924474,0.271605799828859,FALSE,"Random-Effects",3,0,0,0.192632928802935,0.908176565034015,-1.48708053966443,2.50781835395004
40798880,"M","70-79",11,7,6145,4522,0.00179007323026851,0.00154798761609907,-0.209624678071199,0.696961119584455,-1.57564337108144,1.15639401493905,2.73203738602049,0.864762172811708,0.335493478727554,2.22899598037585,1.89350250164829,1.15638730675346,-0.300769543925466,0.763590234078651,FALSE,"Pass-Through",1,NA,NA,NA,NA,NA,NA
42801287,"F","50-59",13,10,26609,21130,0.000488556503438686,0.000473260766682442,-0.0454417130118534,0.607126433954679,-1.23538765762526,1.14450423160155,2.37989188922681,0.968993092835049,0.424728358115357,2.21070148960248,1.78597313148712,1.03199910029723,-0.0748471989859784,0.940336287748909,FALSE,"Random-Effects",2,0,0,0.0351442238382845,0.851293768025955,-7.75971448358365,7.66883105755994
43009086,"F","60-69",6,5,14433,10709,0.000415713988775722,0.000466897002521244,0.167513031040445,0.873401431386229,-1.5443223185223,1.87934838060318,3.42367069912548,1.12312073956485,0.342856714540343,3.67908850008034,3.33623178553999,1.12312073956485,0.191793859067273,0.847903681421693,FALSE,"Pass-Through",1,NA,NA,NA,NA,NA,NA
43009086,"F","70-79",22,16,31978,22492,0.000687972981424729,0.00071136404054775,0.0603515212528145,0.479122003377808,-0.878710349568366,0.999413392073995,1.87812374164236,1.04271979478955,0.543853374115756,1.99918695404572,1.45533357992997,1.04271979478955,0.125962741905687,0.899761417258878,FALSE,"Random-Effects",3,0,0,0.821883392690854,0.663025587288647,-2.00114407446374,2.12184711696937
43009086,"F","80+",11,10,17584,12377,0.000625568698817106,0.000807950230265816,0.369475672294271,0.630783874654848,-0.866838004057858,1.6057893486464,2.47262735270426,1.29188322808449,0.548347363134312,3.04362232265755,2.49527495952324,1.29188322808449,0.585740516110119,0.558049902595332,FALSE,"Random-Effects",2,0,0,0.0395961102594255,0.842272355347935,-7.64539338334778,8.38434472793633
43009086,"M","50-59",12,13,21340,19511,0.00056232427366448,0.000666290810312132,0.243987638721961,0.577950850890356,-0.888775213857415,1.37675049130134,2.26552570515875,1.18426146483882,0.540072421980968,2.59682805494483,2.05675563296387,1.18426146483882,0.422159839969244,0.67290835251199,FALSE,"Random-Effects",2,0,0,0.0540309010084725,0.816192028428826,-7.09957420013727,7.58754947758119
